2025-11-18 12:28:41,256 [Worker-5: Loading available Gradle versions] INFO  o.e.b.c.i.u.g.PublishedGradleVersions - Gradle version information cache is up-to-date. Trying to read.
2025-11-18 12:31:56,858 [Worker-0: Loading available Gradle versions] INFO  o.e.b.c.i.u.g.PublishedGradleVersions - Gradle version information cache is up-to-date. Trying to read.
2025-11-19 09:51:57,954 [Worker-0: Loading available Gradle versions] INFO  o.e.b.c.i.u.g.PublishedGradleVersions - Gradle version information cache is up-to-date. Trying to read.
2025-11-19 09:52:04,404 [Worker-4: Deferred Early Start] INFO  o.a.h.c.h.i.c.HttpRequestRetryExec - Recoverable I/O exception (java.net.SocketException) caught when processing request to {tls}->http://192.168.10.4:808->https://www.eclipse.org:443
2025-11-20 08:36:41,105 [Worker-0: Loading available Gradle versions] INFO  o.e.b.c.i.u.g.PublishedGradleVersions - Gradle version information cache is out-of-date. Trying to update.
2025-11-20 08:36:41,428 [Worker-0: Loading available Gradle versions] INFO  o.e.b.c.i.u.g.PublishedGradleVersions - Updating Gradle version information cache failed. Using outdated cache.
2025-11-20 09:55:07,009 [Worker-1: Loading available Gradle versions] INFO  o.e.b.c.i.u.g.PublishedGradleVersions - Gradle version information cache is out-of-date. Trying to update.
2025-11-20 11:31:42,999 [Worker-0: Loading available Gradle versions] INFO  o.e.b.c.i.u.g.PublishedGradleVersions - Gradle version information cache is up-to-date. Trying to read.
2025-11-21 17:19:58,558 [Worker-5: Loading available Gradle versions] INFO  o.e.b.c.i.u.g.PublishedGradleVersions - Gradle version information cache is out-of-date. Trying to update.
2025-11-25 10:02:34,098 [Worker-0: Loading available Gradle versions] INFO  o.e.b.c.i.u.g.PublishedGradleVersions - Gradle version information cache is up-to-date. Trying to read.
2025-11-25 10:09:43,562 [Worker-2: Loading available Gradle versions] INFO  o.e.b.c.i.u.g.PublishedGradleVersions - Gradle version information cache is up-to-date. Trying to read.
2025-11-25 10:14:28,363 [Worker-3: Loading available Gradle versions] INFO  o.e.b.c.i.u.g.PublishedGradleVersions - Gradle version information cache is up-to-date. Trying to read.
2025-12-07 18:51:04,693 [Worker-7: Loading available Gradle versions] INFO  o.e.b.c.i.u.g.PublishedGradleVersions - Gradle version information cache is up-to-date. Trying to read.
2025-12-07 18:51:06,342 [Worker-9: Building] WARN  o.a.m.s.f.DefaultMavenResourcesFiltering - Using platform encoding (UTF-8 actually) to copy filtered resources, i.e. build is platform dependent!
2025-12-07 18:51:06,344 [Worker-9: Building] INFO  o.a.m.s.f.DefaultMavenResourcesFiltering - Copying 2 resources from src/main/resources to target/classes
2025-12-07 18:51:06,352 [Worker-9: Building] WARN  o.a.m.s.f.DefaultMavenResourcesFiltering - Using platform encoding (UTF-8 actually) to copy filtered resources, i.e. build is platform dependent!
2025-12-07 18:51:06,352 [Worker-9: Building] INFO  o.a.m.s.f.DefaultMavenResourcesFiltering - Copying 0 resource from src/test/resources to target/test-classes
2025-12-07 18:51:06,483 [Worker-9: Building] WARN  o.apache.maven.project.MavenProject - Direct modification of compileSourceRoots through clear() is deprecated and will not work in Maven 4.0.0. Please use the add/remove methods instead. If you're using a plugin that causes this warning, please upgrade to the latest version and report an issue if the warning persists. To disable these warnings, set -Dmaven.project.sourceRoots.warningsDisabled=true on the command line, in the .mvn/maven.config file, or in project POM properties.
2025-12-07 18:51:06,484 [Worker-9: Building] WARN  o.apache.maven.project.MavenProject - Direct modification of compileSourceRoots through add() is deprecated and will not work in Maven 4.0.0. Please use the add/remove methods instead. If you're using a plugin that causes this warning, please upgrade to the latest version and report an issue if the warning persists. To disable these warnings, set -Dmaven.project.sourceRoots.warningsDisabled=true on the command line, in the .mvn/maven.config file, or in project POM properties.
2025-12-07 18:51:06,484 [Worker-9: Building] WARN  o.apache.maven.project.MavenProject - Direct modification of testCompileSourceRoots through clear() is deprecated and will not work in Maven 4.0.0. Please use the add/remove methods instead. If you're using a plugin that causes this warning, please upgrade to the latest version and report an issue if the warning persists. To disable these warnings, set -Dmaven.project.sourceRoots.warningsDisabled=true on the command line, in the .mvn/maven.config file, or in project POM properties.
2025-12-07 18:51:06,484 [Worker-9: Building] WARN  o.apache.maven.project.MavenProject - Direct modification of testCompileSourceRoots through add() is deprecated and will not work in Maven 4.0.0. Please use the add/remove methods instead. If you're using a plugin that causes this warning, please upgrade to the latest version and report an issue if the warning persists. To disable these warnings, set -Dmaven.project.sourceRoots.warningsDisabled=true on the command line, in the .mvn/maven.config file, or in project POM properties.
2025-12-07 18:51:06,610 [Worker-9: Building] WARN  o.a.m.s.f.DefaultMavenResourcesFiltering - Using platform encoding (UTF-8 actually) to copy filtered resources, i.e. build is platform dependent!
2025-12-07 18:51:06,610 [Worker-9: Building] INFO  o.a.m.s.f.DefaultMavenResourcesFiltering - Copying 2 resources from src/main/resources to target/classes
2025-12-07 18:51:06,612 [Worker-9: Building] WARN  o.a.m.s.f.DefaultMavenResourcesFiltering - Using platform encoding (UTF-8 actually) to copy filtered resources, i.e. build is platform dependent!
2025-12-07 18:51:06,612 [Worker-9: Building] INFO  o.a.m.s.f.DefaultMavenResourcesFiltering - skip non existing resourceDirectory /Users/sairajrajendradeshmukh/Desktop/java-advance/Day 13/SpringJdbcTemplateDemo/src/test/resources
2025-12-07 18:51:06,618 [Worker-9: Building] WARN  o.apache.maven.project.MavenProject - Direct modification of compileSourceRoots through clear() is deprecated and will not work in Maven 4.0.0. Please use the add/remove methods instead. If you're using a plugin that causes this warning, please upgrade to the latest version and report an issue if the warning persists. To disable these warnings, set -Dmaven.project.sourceRoots.warningsDisabled=true on the command line, in the .mvn/maven.config file, or in project POM properties.
2025-12-07 18:51:06,619 [Worker-9: Building] WARN  o.apache.maven.project.MavenProject - Direct modification of compileSourceRoots through add() is deprecated and will not work in Maven 4.0.0. Please use the add/remove methods instead. If you're using a plugin that causes this warning, please upgrade to the latest version and report an issue if the warning persists. To disable these warnings, set -Dmaven.project.sourceRoots.warningsDisabled=true on the command line, in the .mvn/maven.config file, or in project POM properties.
2025-12-07 18:51:06,619 [Worker-9: Building] WARN  o.apache.maven.project.MavenProject - Direct modification of testCompileSourceRoots through clear() is deprecated and will not work in Maven 4.0.0. Please use the add/remove methods instead. If you're using a plugin that causes this warning, please upgrade to the latest version and report an issue if the warning persists. To disable these warnings, set -Dmaven.project.sourceRoots.warningsDisabled=true on the command line, in the .mvn/maven.config file, or in project POM properties.
2025-12-07 18:51:06,619 [Worker-9: Building] WARN  o.apache.maven.project.MavenProject - Direct modification of testCompileSourceRoots through add() is deprecated and will not work in Maven 4.0.0. Please use the add/remove methods instead. If you're using a plugin that causes this warning, please upgrade to the latest version and report an issue if the warning persists. To disable these warnings, set -Dmaven.project.sourceRoots.warningsDisabled=true on the command line, in the .mvn/maven.config file, or in project POM properties.
2025-12-07 18:57:59,819 [Worker-26: Importing Maven projects] INFO  o.e.m.c.i.e.AbstractTransferListenerAdapter - Downloading https://repo.maven.apache.org/maven2/org/apache/maven/plugins/maven-war-plugin/3.4.0/maven-war-plugin-3.4.0.jar
2025-12-07 18:57:59,828 [Worker-26: Importing Maven projects] INFO  o.e.m.c.i.e.AbstractTransferListenerAdapter - Downloaded https://repo.maven.apache.org/maven2/org/apache/maven/plugins/maven-war-plugin/3.4.0/maven-war-plugin-3.4.0.jar
2025-12-07 18:57:59,931 [Worker-26: Importing Maven projects] INFO  o.e.m.c.i.l.LifecycleMappingFactory - Using org.maven.ide.eclipse.wtp.WarLifecycleMapping lifecycle mapping for MavenProject: com.demo:MySpringMVCdemo:0.0.1-SNAPSHOT @ /Users/sairajrajendradeshmukh/Desktop/java-advance/MySpringMVCdemo/pom.xml.
2025-12-07 18:57:59,961 [Worker-26: Importing Maven projects] INFO  o.e.m.c.i.e.AbstractTransferListenerAdapter - Downloading https://repo.maven.apache.org/maven2/org/springframework/spring-context/5.3.24/spring-context-5.3.24.pom
2025-12-07 18:57:59,962 [Worker-26: Importing Maven projects] INFO  o.e.m.c.i.e.AbstractTransferListenerAdapter - Downloaded https://repo.maven.apache.org/maven2/org/springframework/spring-context/5.3.24/spring-context-5.3.24.pom
2025-12-07 18:57:59,991 [Worker-26: Importing Maven projects] INFO  o.e.m.c.i.e.AbstractTransferListenerAdapter - Downloading https://repo.maven.apache.org/maven2/org/springframework/spring-aop/5.3.24/spring-aop-5.3.24.pom
2025-12-07 18:57:59,992 [Worker-26: Importing Maven projects] INFO  o.e.m.c.i.e.AbstractTransferListenerAdapter - Downloaded https://repo.maven.apache.org/maven2/org/springframework/spring-aop/5.3.24/spring-aop-5.3.24.pom
2025-12-07 18:58:00,024 [Worker-26: Importing Maven projects] INFO  o.e.m.c.i.e.AbstractTransferListenerAdapter - Downloading https://repo.maven.apache.org/maven2/org/springframework/spring-beans/5.3.24/spring-beans-5.3.24.pom
2025-12-07 18:58:00,025 [Worker-26: Importing Maven projects] INFO  o.e.m.c.i.e.AbstractTransferListenerAdapter - Downloaded https://repo.maven.apache.org/maven2/org/springframework/spring-beans/5.3.24/spring-beans-5.3.24.pom
2025-12-07 18:58:00,051 [Worker-26: Importing Maven projects] INFO  o.e.m.c.i.e.AbstractTransferListenerAdapter - Downloading https://repo.maven.apache.org/maven2/org/springframework/spring-core/5.3.24/spring-core-5.3.24.pom
2025-12-07 18:58:00,052 [Worker-26: Importing Maven projects] INFO  o.e.m.c.i.e.AbstractTransferListenerAdapter - Downloaded https://repo.maven.apache.org/maven2/org/springframework/spring-core/5.3.24/spring-core-5.3.24.pom
2025-12-07 18:58:00,082 [Worker-26: Importing Maven projects] INFO  o.e.m.c.i.e.AbstractTransferListenerAdapter - Downloading https://repo.maven.apache.org/maven2/org/springframework/spring-jcl/5.3.24/spring-jcl-5.3.24.pom
2025-12-07 18:58:00,083 [Worker-26: Importing Maven projects] INFO  o.e.m.c.i.e.AbstractTransferListenerAdapter - Downloaded https://repo.maven.apache.org/maven2/org/springframework/spring-jcl/5.3.24/spring-jcl-5.3.24.pom
2025-12-07 18:58:00,112 [Worker-26: Importing Maven projects] INFO  o.e.m.c.i.e.AbstractTransferListenerAdapter - Downloading https://repo.maven.apache.org/maven2/org/springframework/spring-expression/5.3.24/spring-expression-5.3.24.pom
2025-12-07 18:58:00,113 [Worker-26: Importing Maven projects] INFO  o.e.m.c.i.e.AbstractTransferListenerAdapter - Downloaded https://repo.maven.apache.org/maven2/org/springframework/spring-expression/5.3.24/spring-expression-5.3.24.pom
2025-12-07 18:58:00,141 [Worker-26: Importing Maven projects] INFO  o.e.m.c.i.e.AbstractTransferListenerAdapter - Downloading https://repo.maven.apache.org/maven2/org/springframework/spring-webmvc/5.3.24/spring-webmvc-5.3.24.pom
2025-12-07 18:58:00,143 [Worker-26: Importing Maven projects] INFO  o.e.m.c.i.e.AbstractTransferListenerAdapter - Downloaded https://repo.maven.apache.org/maven2/org/springframework/spring-webmvc/5.3.24/spring-webmvc-5.3.24.pom
2025-12-07 18:58:00,172 [Worker-26: Importing Maven projects] INFO  o.e.m.c.i.e.AbstractTransferListenerAdapter - Downloading https://repo.maven.apache.org/maven2/org/springframework/spring-web/5.3.24/spring-web-5.3.24.pom
2025-12-07 18:58:00,174 [Worker-26: Importing Maven projects] INFO  o.e.m.c.i.e.AbstractTransferListenerAdapter - Downloaded https://repo.maven.apache.org/maven2/org/springframework/spring-web/5.3.24/spring-web-5.3.24.pom
2025-12-07 18:58:00,206 [Worker-26: Importing Maven projects] INFO  o.e.m.c.i.e.AbstractTransferListenerAdapter - Downloading https://repo.maven.apache.org/maven2/org/springframework/spring-jdbc/5.3.24/spring-jdbc-5.3.24.pom
2025-12-07 18:58:00,207 [Worker-26: Importing Maven projects] INFO  o.e.m.c.i.e.AbstractTransferListenerAdapter - Downloaded https://repo.maven.apache.org/maven2/org/springframework/spring-jdbc/5.3.24/spring-jdbc-5.3.24.pom
2025-12-07 18:58:00,237 [Worker-26: Importing Maven projects] INFO  o.e.m.c.i.e.AbstractTransferListenerAdapter - Downloading https://repo.maven.apache.org/maven2/org/springframework/spring-tx/5.3.24/spring-tx-5.3.24.pom
2025-12-07 18:58:00,238 [Worker-26: Importing Maven projects] INFO  o.e.m.c.i.e.AbstractTransferListenerAdapter - Downloaded https://repo.maven.apache.org/maven2/org/springframework/spring-tx/5.3.24/spring-tx-5.3.24.pom
2025-12-07 18:58:00,265 [Worker-26: Importing Maven projects] INFO  o.e.m.c.i.e.AbstractTransferListenerAdapter - Downloading https://repo.maven.apache.org/maven2/javax/servlet/jsp/jstl/javax.servlet.jsp.jstl-api/1.2.1/javax.servlet.jsp.jstl-api-1.2.1.pom
2025-12-07 18:58:00,267 [Worker-26: Importing Maven projects] INFO  o.e.m.c.i.e.AbstractTransferListenerAdapter - Downloaded https://repo.maven.apache.org/maven2/javax/servlet/jsp/jstl/javax.servlet.jsp.jstl-api/1.2.1/javax.servlet.jsp.jstl-api-1.2.1.pom
2025-12-07 18:58:00,302 [Worker-26: Importing Maven projects] INFO  o.e.m.c.i.e.AbstractTransferListenerAdapter - Downloading https://repo.maven.apache.org/maven2/net/java/jvnet-parent/1/jvnet-parent-1.pom
2025-12-07 18:58:00,304 [Worker-26: Importing Maven projects] INFO  o.e.m.c.i.e.AbstractTransferListenerAdapter - Downloaded https://repo.maven.apache.org/maven2/net/java/jvnet-parent/1/jvnet-parent-1.pom
2025-12-07 18:58:00,332 [Worker-26: Importing Maven projects] INFO  o.e.m.c.i.e.AbstractTransferListenerAdapter - Downloading https://repo.maven.apache.org/maven2/taglibs/standard/1.1.2/standard-1.1.2.pom
2025-12-07 18:58:00,333 [Worker-26: Importing Maven projects] INFO  o.e.m.c.i.e.AbstractTransferListenerAdapter - Downloaded https://repo.maven.apache.org/maven2/taglibs/standard/1.1.2/standard-1.1.2.pom
2025-12-07 18:58:00,362 [Worker-26: Importing Maven projects] INFO  o.e.m.c.i.e.AbstractTransferListenerAdapter - Downloading https://repo.maven.apache.org/maven2/javax/servlet/javax.servlet-api/3.1.0/javax.servlet-api-3.1.0.pom
2025-12-07 18:58:00,364 [Worker-26: Importing Maven projects] INFO  o.e.m.c.i.e.AbstractTransferListenerAdapter - Downloaded https://repo.maven.apache.org/maven2/javax/servlet/javax.servlet-api/3.1.0/javax.servlet-api-3.1.0.pom
2025-12-07 18:58:00,395 [Worker-26: Importing Maven projects] INFO  o.e.m.c.i.e.AbstractTransferListenerAdapter - Downloading https://repo.maven.apache.org/maven2/net/java/jvnet-parent/3/jvnet-parent-3.pom
2025-12-07 18:58:00,397 [Worker-26: Importing Maven projects] INFO  o.e.m.c.i.e.AbstractTransferListenerAdapter - Downloaded https://repo.maven.apache.org/maven2/net/java/jvnet-parent/3/jvnet-parent-3.pom
2025-12-07 18:58:00,433 [Worker-26: Importing Maven projects] INFO  o.e.m.c.i.e.AbstractTransferListenerAdapter - Downloading https://repo.maven.apache.org/maven2/javax/servlet/jsp/javax.servlet.jsp-api/2.3.1/javax.servlet.jsp-api-2.3.1.pom
2025-12-07 18:58:00,437 [Worker-26: Importing Maven projects] INFO  o.e.m.c.i.e.AbstractTransferListenerAdapter - Downloaded https://repo.maven.apache.org/maven2/javax/servlet/jsp/javax.servlet.jsp-api/2.3.1/javax.servlet.jsp-api-2.3.1.pom
2025-12-07 18:58:00,482 [Worker-26: Importing Maven projects] INFO  o.e.m.c.i.e.AbstractTransferListenerAdapter - Downloading https://repo.maven.apache.org/maven2/org/springframework/spring-context/5.3.24/spring-context-5.3.24.jar
2025-12-07 18:58:00,516 [Worker-26: Importing Maven projects] INFO  o.e.m.c.i.e.AbstractTransferListenerAdapter - Downloaded https://repo.maven.apache.org/maven2/org/springframework/spring-context/5.3.24/spring-context-5.3.24.jar
2025-12-07 18:58:00,544 [BasicRepositoryConnector-repo.maven.apache.org-0-1] INFO  o.e.m.c.i.e.AbstractTransferListenerAdapter - Downloading https://repo.maven.apache.org/maven2/org/springframework/spring-beans/5.3.24/spring-beans-5.3.24.jar
2025-12-07 18:58:00,556 [BasicRepositoryConnector-repo.maven.apache.org-0-1] INFO  o.e.m.c.i.e.AbstractTransferListenerAdapter - Downloaded https://repo.maven.apache.org/maven2/org/springframework/spring-beans/5.3.24/spring-beans-5.3.24.jar
2025-12-07 18:58:00,584 [BasicRepositoryConnector-repo.maven.apache.org-0-1] INFO  o.e.m.c.i.e.AbstractTransferListenerAdapter - Downloading https://repo.maven.apache.org/maven2/org/springframework/spring-webmvc/5.3.24/spring-webmvc-5.3.24.jar
2025-12-07 18:58:00,600 [BasicRepositoryConnector-repo.maven.apache.org-0-0] INFO  o.e.m.c.i.e.AbstractTransferListenerAdapter - Downloading https://repo.maven.apache.org/maven2/org/springframework/spring-aop/5.3.24/spring-aop-5.3.24.jar
2025-12-07 18:58:00,647 [BasicRepositoryConnector-repo.maven.apache.org-0-0] INFO  o.e.m.c.i.e.AbstractTransferListenerAdapter - Downloaded https://repo.maven.apache.org/maven2/org/springframework/spring-aop/5.3.24/spring-aop-5.3.24.jar
2025-12-07 18:58:00,651 [BasicRepositoryConnector-repo.maven.apache.org-0-1] INFO  o.e.m.c.i.e.AbstractTransferListenerAdapter - Downloaded https://repo.maven.apache.org/maven2/org/springframework/spring-webmvc/5.3.24/spring-webmvc-5.3.24.jar
2025-12-07 18:58:00,679 [BasicRepositoryConnector-repo.maven.apache.org-0-0] INFO  o.e.m.c.i.e.AbstractTransferListenerAdapter - Downloading https://repo.maven.apache.org/maven2/org/springframework/spring-web/5.3.24/spring-web-5.3.24.jar
2025-12-07 18:58:00,680 [BasicRepositoryConnector-repo.maven.apache.org-0-1] INFO  o.e.m.c.i.e.AbstractTransferListenerAdapter - Downloading https://repo.maven.apache.org/maven2/org/springframework/spring-jdbc/5.3.24/spring-jdbc-5.3.24.jar
2025-12-07 18:58:00,704 [BasicRepositoryConnector-repo.maven.apache.org-0-1] INFO  o.e.m.c.i.e.AbstractTransferListenerAdapter - Downloaded https://repo.maven.apache.org/maven2/org/springframework/spring-jdbc/5.3.24/spring-jdbc-5.3.24.jar
2025-12-07 18:58:00,757 [BasicRepositoryConnector-repo.maven.apache.org-0-1] INFO  o.e.m.c.i.e.AbstractTransferListenerAdapter - Downloading https://repo.maven.apache.org/maven2/org/springframework/spring-tx/5.3.24/spring-tx-5.3.24.jar
2025-12-07 18:58:00,827 [BasicRepositoryConnector-repo.maven.apache.org-0-0] INFO  o.e.m.c.i.e.AbstractTransferListenerAdapter - Downloaded https://repo.maven.apache.org/maven2/org/springframework/spring-web/5.3.24/spring-web-5.3.24.jar
2025-12-07 18:58:00,844 [BasicRepositoryConnector-repo.maven.apache.org-0-1] INFO  o.e.m.c.i.e.AbstractTransferListenerAdapter - Downloaded https://repo.maven.apache.org/maven2/org/springframework/spring-tx/5.3.24/spring-tx-5.3.24.jar
2025-12-07 18:58:00,858 [BasicRepositoryConnector-repo.maven.apache.org-0-0] INFO  o.e.m.c.i.e.AbstractTransferListenerAdapter - Downloading https://repo.maven.apache.org/maven2/javax/servlet/jsp/jstl/javax.servlet.jsp.jstl-api/1.2.1/javax.servlet.jsp.jstl-api-1.2.1.jar
2025-12-07 18:58:00,859 [BasicRepositoryConnector-repo.maven.apache.org-0-0] INFO  o.e.m.c.i.e.AbstractTransferListenerAdapter - Downloaded https://repo.maven.apache.org/maven2/javax/servlet/jsp/jstl/javax.servlet.jsp.jstl-api/1.2.1/javax.servlet.jsp.jstl-api-1.2.1.jar
2025-12-07 18:58:00,871 [BasicRepositoryConnector-repo.maven.apache.org-0-1] INFO  o.e.m.c.i.e.AbstractTransferListenerAdapter - Downloading https://repo.maven.apache.org/maven2/taglibs/standard/1.1.2/standard-1.1.2.jar
2025-12-07 18:58:00,893 [BasicRepositoryConnector-repo.maven.apache.org-0-0] INFO  o.e.m.c.i.e.AbstractTransferListenerAdapter - Downloading https://repo.maven.apache.org/maven2/javax/servlet/javax.servlet-api/3.1.0/javax.servlet-api-3.1.0.jar
2025-12-07 18:58:00,898 [BasicRepositoryConnector-repo.maven.apache.org-0-0] INFO  o.e.m.c.i.e.AbstractTransferListenerAdapter - Downloaded https://repo.maven.apache.org/maven2/javax/servlet/javax.servlet-api/3.1.0/javax.servlet-api-3.1.0.jar
2025-12-07 18:58:00,902 [BasicRepositoryConnector-repo.maven.apache.org-0-1] INFO  o.e.m.c.i.e.AbstractTransferListenerAdapter - Downloaded https://repo.maven.apache.org/maven2/taglibs/standard/1.1.2/standard-1.1.2.jar
2025-12-07 18:58:00,930 [BasicRepositoryConnector-repo.maven.apache.org-0-0] INFO  o.e.m.c.i.e.AbstractTransferListenerAdapter - Downloading https://repo.maven.apache.org/maven2/javax/servlet/jsp/javax.servlet.jsp-api/2.3.1/javax.servlet.jsp-api-2.3.1.jar
2025-12-07 18:58:00,934 [BasicRepositoryConnector-repo.maven.apache.org-0-0] INFO  o.e.m.c.i.e.AbstractTransferListenerAdapter - Downloaded https://repo.maven.apache.org/maven2/javax/servlet/jsp/javax.servlet.jsp-api/2.3.1/javax.servlet.jsp-api-2.3.1.jar
2025-12-07 18:58:01,593 [BasicRepositoryConnector-repo.maven.apache.org-0-2] INFO  o.e.m.c.i.e.AbstractTransferListenerAdapter - Downloading https://repo.maven.apache.org/maven2/org/springframework/spring-core/5.3.24/spring-core-5.3.24.jar
2025-12-07 18:58:01,636 [BasicRepositoryConnector-repo.maven.apache.org-0-2] INFO  o.e.m.c.i.e.AbstractTransferListenerAdapter - Downloaded https://repo.maven.apache.org/maven2/org/springframework/spring-core/5.3.24/spring-core-5.3.24.jar
2025-12-07 18:58:02,579 [BasicRepositoryConnector-repo.maven.apache.org-0-4] INFO  o.e.m.c.i.e.AbstractTransferListenerAdapter - Downloading https://repo.maven.apache.org/maven2/org/springframework/spring-expression/5.3.24/spring-expression-5.3.24.jar
2025-12-07 18:58:02,598 [BasicRepositoryConnector-repo.maven.apache.org-0-4] INFO  o.e.m.c.i.e.AbstractTransferListenerAdapter - Downloaded https://repo.maven.apache.org/maven2/org/springframework/spring-expression/5.3.24/spring-expression-5.3.24.jar
2025-12-07 18:58:03,590 [BasicRepositoryConnector-repo.maven.apache.org-0-3] INFO  o.e.m.c.i.e.AbstractTransferListenerAdapter - Downloading https://repo.maven.apache.org/maven2/org/springframework/spring-jcl/5.3.24/spring-jcl-5.3.24.jar
2025-12-07 18:58:03,593 [BasicRepositoryConnector-repo.maven.apache.org-0-3] INFO  o.e.m.c.i.e.AbstractTransferListenerAdapter - Downloaded https://repo.maven.apache.org/maven2/org/springframework/spring-jcl/5.3.24/spring-jcl-5.3.24.jar
2025-12-07 18:58:03,681 [Worker-26: Importing Maven projects] INFO  o.e.m.c.i.e.AbstractTransferListenerAdapter - Downloading https://repo.maven.apache.org/maven2/org/apache/tomcat/maven/tomcat7-maven-plugin/2.2/tomcat7-maven-plugin-2.2.pom
2025-12-07 18:58:03,682 [Worker-26: Importing Maven projects] INFO  o.e.m.c.i.e.AbstractTransferListenerAdapter - Downloaded https://repo.maven.apache.org/maven2/org/apache/tomcat/maven/tomcat7-maven-plugin/2.2/tomcat7-maven-plugin-2.2.pom
2025-12-07 18:58:03,723 [Worker-26: Importing Maven projects] INFO  o.e.m.c.i.e.AbstractTransferListenerAdapter - Downloading https://repo.maven.apache.org/maven2/org/apache/tomcat/maven/tomcat-maven-plugin/2.2/tomcat-maven-plugin-2.2.pom
2025-12-07 18:58:03,726 [Worker-26: Importing Maven projects] INFO  o.e.m.c.i.e.AbstractTransferListenerAdapter - Downloaded https://repo.maven.apache.org/maven2/org/apache/tomcat/maven/tomcat-maven-plugin/2.2/tomcat-maven-plugin-2.2.pom
2025-12-07 18:58:03,759 [Worker-26: Importing Maven projects] INFO  o.e.m.c.i.e.AbstractTransferListenerAdapter - Downloading https://repo.maven.apache.org/maven2/org/apache/apache/12/apache-12.pom
2025-12-07 18:58:03,760 [Worker-26: Importing Maven projects] INFO  o.e.m.c.i.e.AbstractTransferListenerAdapter - Downloaded https://repo.maven.apache.org/maven2/org/apache/apache/12/apache-12.pom
2025-12-07 18:58:03,799 [Worker-26: Importing Maven projects] INFO  o.e.m.c.i.e.AbstractTransferListenerAdapter - Downloading https://repo.maven.apache.org/maven2/org/apache/tomcat/maven/tomcat7-maven-plugin/2.2/tomcat7-maven-plugin-2.2.jar
2025-12-07 18:58:03,806 [Worker-26: Importing Maven projects] INFO  o.e.m.c.i.e.AbstractTransferListenerAdapter - Downloaded https://repo.maven.apache.org/maven2/org/apache/tomcat/maven/tomcat7-maven-plugin/2.2/tomcat7-maven-plugin-2.2.jar
2025-12-07 18:58:03,860 [Worker-26: Importing Maven projects] INFO  o.e.m.c.i.e.AbstractTransferListenerAdapter - Downloading https://repo.maven.apache.org/maven2/org/apache/maven/plugins/maven-war-plugin/3.4.0/maven-war-plugin-3.4.0.pom
2025-12-07 18:58:03,860 [Worker-26: Importing Maven projects] INFO  o.e.m.c.i.e.AbstractTransferListenerAdapter - Downloaded https://repo.maven.apache.org/maven2/org/apache/maven/plugins/maven-war-plugin/3.4.0/maven-war-plugin-3.4.0.pom
2025-12-07 18:58:03,902 [Worker-26: Importing Maven projects] INFO  o.e.m.c.i.e.AbstractTransferListenerAdapter - Downloading https://repo.maven.apache.org/maven2/org/apache/maven/maven-archiver/3.6.0/maven-archiver-3.6.0.pom
2025-12-07 18:58:03,902 [Worker-26: Importing Maven projects] INFO  o.e.m.c.i.e.AbstractTransferListenerAdapter - Downloaded https://repo.maven.apache.org/maven2/org/apache/maven/maven-archiver/3.6.0/maven-archiver-3.6.0.pom
2025-12-07 18:58:03,939 [Worker-26: Importing Maven projects] INFO  o.e.m.c.i.e.AbstractTransferListenerAdapter - Downloading https://repo.maven.apache.org/maven2/org/codehaus/plexus/plexus-io/3.4.0/plexus-io-3.4.0.pom
2025-12-07 18:58:03,940 [Worker-26: Importing Maven projects] INFO  o.e.m.c.i.e.AbstractTransferListenerAdapter - Downloaded https://repo.maven.apache.org/maven2/org/codehaus/plexus/plexus-io/3.4.0/plexus-io-3.4.0.pom
2025-12-07 18:58:03,973 [Worker-26: Importing Maven projects] INFO  o.e.m.c.i.e.AbstractTransferListenerAdapter - Downloading https://repo.maven.apache.org/maven2/org/codehaus/plexus/plexus-archiver/4.4.0/plexus-archiver-4.4.0.pom
2025-12-07 18:58:03,973 [Worker-26: Importing Maven projects] INFO  o.e.m.c.i.e.AbstractTransferListenerAdapter - Downloaded https://repo.maven.apache.org/maven2/org/codehaus/plexus/plexus-archiver/4.4.0/plexus-archiver-4.4.0.pom
2025-12-07 18:58:04,013 [Worker-26: Importing Maven projects] INFO  o.e.m.c.i.e.AbstractTransferListenerAdapter - Downloading https://repo.maven.apache.org/maven2/org/codehaus/plexus/plexus-archiver/4.7.1/plexus-archiver-4.7.1.pom
2025-12-07 18:58:04,013 [Worker-26: Importing Maven projects] INFO  o.e.m.c.i.e.AbstractTransferListenerAdapter - Downloaded https://repo.maven.apache.org/maven2/org/codehaus/plexus/plexus-archiver/4.7.1/plexus-archiver-4.7.1.pom
2025-12-07 18:58:04,042 [Worker-26: Importing Maven projects] INFO  o.e.m.c.i.e.AbstractTransferListenerAdapter - Downloading https://repo.maven.apache.org/maven2/org/codehaus/plexus/plexus-io/3.4.1/plexus-io-3.4.1.pom
2025-12-07 18:58:04,043 [Worker-26: Importing Maven projects] INFO  o.e.m.c.i.e.AbstractTransferListenerAdapter - Downloaded https://repo.maven.apache.org/maven2/org/codehaus/plexus/plexus-io/3.4.1/plexus-io-3.4.1.pom
2025-12-07 18:58:04,074 [Worker-26: Importing Maven projects] INFO  o.e.m.c.i.e.AbstractTransferListenerAdapter - Downloading https://repo.maven.apache.org/maven2/org/apache/commons/commons-compress/1.23.0/commons-compress-1.23.0.pom
2025-12-07 18:58:04,075 [Worker-26: Importing Maven projects] INFO  o.e.m.c.i.e.AbstractTransferListenerAdapter - Downloaded https://repo.maven.apache.org/maven2/org/apache/commons/commons-compress/1.23.0/commons-compress-1.23.0.pom
2025-12-07 18:58:04,105 [Worker-26: Importing Maven projects] INFO  o.e.m.c.i.e.AbstractTransferListenerAdapter - Downloading https://repo.maven.apache.org/maven2/org/apache/commons/commons-parent/56/commons-parent-56.pom
2025-12-07 18:58:04,110 [Worker-26: Importing Maven projects] INFO  o.e.m.c.i.e.AbstractTransferListenerAdapter - Downloaded https://repo.maven.apache.org/maven2/org/apache/commons/commons-parent/56/commons-parent-56.pom
2025-12-07 18:58:04,146 [Worker-26: Importing Maven projects] INFO  o.e.m.c.i.e.AbstractTransferListenerAdapter - Downloading https://repo.maven.apache.org/maven2/com/github/luben/zstd-jni/1.5.5-2/zstd-jni-1.5.5-2.pom
2025-12-07 18:58:04,146 [Worker-26: Importing Maven projects] INFO  o.e.m.c.i.e.AbstractTransferListenerAdapter - Downloaded https://repo.maven.apache.org/maven2/com/github/luben/zstd-jni/1.5.5-2/zstd-jni-1.5.5-2.pom
2025-12-07 18:58:04,181 [Worker-26: Importing Maven projects] INFO  o.e.m.c.i.e.AbstractTransferListenerAdapter - Downloading https://repo.maven.apache.org/maven2/org/apache/maven/shared/maven-mapping/3.0.0/maven-mapping-3.0.0.pom
2025-12-07 18:58:04,183 [Worker-26: Importing Maven projects] INFO  o.e.m.c.i.e.AbstractTransferListenerAdapter - Downloaded https://repo.maven.apache.org/maven2/org/apache/maven/shared/maven-mapping/3.0.0/maven-mapping-3.0.0.pom
2025-12-07 18:58:04,245 [Worker-26: Importing Maven projects] INFO  o.e.m.c.i.e.AbstractTransferListenerAdapter - Downloading https://repo.maven.apache.org/maven2/org/apache/maven/shared/maven-shared-components/22/maven-shared-components-22.pom
2025-12-07 18:58:04,246 [Worker-26: Importing Maven projects] INFO  o.e.m.c.i.e.AbstractTransferListenerAdapter - Downloaded https://repo.maven.apache.org/maven2/org/apache/maven/shared/maven-shared-components/22/maven-shared-components-22.pom
2025-12-07 18:58:04,275 [Worker-26: Importing Maven projects] INFO  o.e.m.c.i.e.AbstractTransferListenerAdapter - Downloading https://repo.maven.apache.org/maven2/org/apache/maven/maven-parent/27/maven-parent-27.pom
2025-12-07 18:58:04,277 [Worker-26: Importing Maven projects] INFO  o.e.m.c.i.e.AbstractTransferListenerAdapter - Downloaded https://repo.maven.apache.org/maven2/org/apache/maven/maven-parent/27/maven-parent-27.pom
2025-12-07 18:58:04,305 [Worker-26: Importing Maven projects] INFO  o.e.m.c.i.e.AbstractTransferListenerAdapter - Downloading https://repo.maven.apache.org/maven2/org/apache/apache/17/apache-17.pom
2025-12-07 18:58:04,306 [Worker-26: Importing Maven projects] INFO  o.e.m.c.i.e.AbstractTransferListenerAdapter - Downloaded https://repo.maven.apache.org/maven2/org/apache/apache/17/apache-17.pom
2025-12-07 18:58:04,343 [Worker-26: Importing Maven projects] INFO  o.e.m.c.i.e.AbstractTransferListenerAdapter - Downloading https://repo.maven.apache.org/maven2/org/apache/maven/maven-settings/3.2.5/maven-settings-3.2.5.pom
2025-12-07 18:58:04,344 [Worker-26: Importing Maven projects] INFO  o.e.m.c.i.e.AbstractTransferListenerAdapter - Downloaded https://repo.maven.apache.org/maven2/org/apache/maven/maven-settings/3.2.5/maven-settings-3.2.5.pom
2025-12-07 18:58:04,372 [Worker-26: Importing Maven projects] INFO  o.e.m.c.i.e.AbstractTransferListenerAdapter - Downloading https://repo.maven.apache.org/maven2/org/apache/maven/maven/3.2.5/maven-3.2.5.pom
2025-12-07 18:58:04,373 [Worker-26: Importing Maven projects] INFO  o.e.m.c.i.e.AbstractTransferListenerAdapter - Downloaded https://repo.maven.apache.org/maven2/org/apache/maven/maven/3.2.5/maven-3.2.5.pom
2025-12-07 18:58:04,418 [Worker-26: Importing Maven projects] INFO  o.e.m.c.i.e.AbstractTransferListenerAdapter - Downloading https://repo.maven.apache.org/maven2/org/codehaus/plexus/plexus-component-annotations/1.5.4/plexus-component-annotations-1.5.4.pom
2025-12-07 18:58:04,418 [Worker-26: Importing Maven projects] INFO  o.e.m.c.i.e.AbstractTransferListenerAdapter - Downloaded https://repo.maven.apache.org/maven2/org/codehaus/plexus/plexus-component-annotations/1.5.4/plexus-component-annotations-1.5.4.pom
2025-12-07 18:58:04,444 [Worker-26: Importing Maven projects] INFO  o.e.m.c.i.e.AbstractTransferListenerAdapter - Downloading https://repo.maven.apache.org/maven2/org/codehaus/plexus/plexus-containers/1.5.4/plexus-containers-1.5.4.pom
2025-12-07 18:58:04,445 [Worker-26: Importing Maven projects] INFO  o.e.m.c.i.e.AbstractTransferListenerAdapter - Downloaded https://repo.maven.apache.org/maven2/org/codehaus/plexus/plexus-containers/1.5.4/plexus-containers-1.5.4.pom
2025-12-07 18:58:04,473 [Worker-26: Importing Maven projects] INFO  o.e.m.c.i.e.AbstractTransferListenerAdapter - Downloading https://repo.maven.apache.org/maven2/org/codehaus/plexus/plexus/2.0.5/plexus-2.0.5.pom
2025-12-07 18:58:04,474 [Worker-26: Importing Maven projects] INFO  o.e.m.c.i.e.AbstractTransferListenerAdapter - Downloaded https://repo.maven.apache.org/maven2/org/codehaus/plexus/plexus/2.0.5/plexus-2.0.5.pom
2025-12-07 18:58:04,511 [Worker-26: Importing Maven projects] INFO  o.e.m.c.i.e.AbstractTransferListenerAdapter - Downloading https://repo.maven.apache.org/maven2/org/codehaus/plexus/plexus-interpolation/1.21/plexus-interpolation-1.21.pom
2025-12-07 18:58:04,511 [Worker-26: Importing Maven projects] INFO  o.e.m.c.i.e.AbstractTransferListenerAdapter - Downloaded https://repo.maven.apache.org/maven2/org/codehaus/plexus/plexus-interpolation/1.21/plexus-interpolation-1.21.pom
2025-12-07 18:58:04,546 [Worker-26: Importing Maven projects] INFO  o.e.m.c.i.e.AbstractTransferListenerAdapter - Downloading https://repo.maven.apache.org/maven2/org/apache/maven/maven-archiver/3.6.0/maven-archiver-3.6.0.jar
2025-12-07 18:58:04,547 [Worker-26: Importing Maven projects] INFO  o.e.m.c.i.e.AbstractTransferListenerAdapter - Downloaded https://repo.maven.apache.org/maven2/org/apache/maven/maven-archiver/3.6.0/maven-archiver-3.6.0.jar
2025-12-07 18:58:04,574 [BasicRepositoryConnector-repo.maven.apache.org-1-0] INFO  o.e.m.c.i.e.AbstractTransferListenerAdapter - Downloading https://repo.maven.apache.org/maven2/org/codehaus/plexus/plexus-io/3.4.0/plexus-io-3.4.0.jar
2025-12-07 18:58:04,575 [BasicRepositoryConnector-repo.maven.apache.org-1-0] INFO  o.e.m.c.i.e.AbstractTransferListenerAdapter - Downloaded https://repo.maven.apache.org/maven2/org/codehaus/plexus/plexus-io/3.4.0/plexus-io-3.4.0.jar
2025-12-07 18:58:04,584 [BasicRepositoryConnector-repo.maven.apache.org-1-4] INFO  o.e.m.c.i.e.AbstractTransferListenerAdapter - Downloading https://repo.maven.apache.org/maven2/com/github/luben/zstd-jni/1.5.5-2/zstd-jni-1.5.5-2.jar
2025-12-07 18:58:04,590 [BasicRepositoryConnector-repo.maven.apache.org-1-2] INFO  o.e.m.c.i.e.AbstractTransferListenerAdapter - Downloading https://repo.maven.apache.org/maven2/org/codehaus/plexus/plexus-archiver/4.7.1/plexus-archiver-4.7.1.jar
2025-12-07 18:58:04,594 [BasicRepositoryConnector-repo.maven.apache.org-1-2] INFO  o.e.m.c.i.e.AbstractTransferListenerAdapter - Downloaded https://repo.maven.apache.org/maven2/org/codehaus/plexus/plexus-archiver/4.7.1/plexus-archiver-4.7.1.jar
2025-12-07 18:58:04,599 [BasicRepositoryConnector-repo.maven.apache.org-1-1] INFO  o.e.m.c.i.e.AbstractTransferListenerAdapter - Downloading https://repo.maven.apache.org/maven2/commons-io/commons-io/2.13.0/commons-io-2.13.0.jar
2025-12-07 18:58:04,607 [BasicRepositoryConnector-repo.maven.apache.org-1-3] INFO  o.e.m.c.i.e.AbstractTransferListenerAdapter - Downloading https://repo.maven.apache.org/maven2/org/apache/commons/commons-compress/1.23.0/commons-compress-1.23.0.jar
2025-12-07 18:58:04,608 [BasicRepositoryConnector-repo.maven.apache.org-1-1] INFO  o.e.m.c.i.e.AbstractTransferListenerAdapter - Downloaded https://repo.maven.apache.org/maven2/commons-io/commons-io/2.13.0/commons-io-2.13.0.jar
2025-12-07 18:58:04,608 [BasicRepositoryConnector-repo.maven.apache.org-1-0] INFO  o.e.m.c.i.e.AbstractTransferListenerAdapter - Downloading https://repo.maven.apache.org/maven2/org/apache/maven/shared/maven-mapping/3.0.0/maven-mapping-3.0.0.jar
2025-12-07 18:58:04,609 [BasicRepositoryConnector-repo.maven.apache.org-1-0] INFO  o.e.m.c.i.e.AbstractTransferListenerAdapter - Downloaded https://repo.maven.apache.org/maven2/org/apache/maven/shared/maven-mapping/3.0.0/maven-mapping-3.0.0.jar
2025-12-07 18:58:04,827 [BasicRepositoryConnector-repo.maven.apache.org-1-3] INFO  o.e.m.c.i.e.AbstractTransferListenerAdapter - Downloaded https://repo.maven.apache.org/maven2/org/apache/commons/commons-compress/1.23.0/commons-compress-1.23.0.jar
2025-12-07 18:58:05,094 [BasicRepositoryConnector-repo.maven.apache.org-1-4] INFO  o.e.m.c.i.e.AbstractTransferListenerAdapter - Downloaded https://repo.maven.apache.org/maven2/com/github/luben/zstd-jni/1.5.5-2/zstd-jni-1.5.5-2.jar
2025-12-07 18:58:05,306 [Worker-26: Importing Maven projects] INFO  o.e.m.j.i.AbstractJavaProjectConfigurator - Adding source folder /MySpringMVCdemo/src/main/java
2025-12-07 18:58:05,307 [Worker-26: Importing Maven projects] INFO  o.e.m.j.i.AbstractJavaProjectConfigurator - Adding resource folder /MySpringMVCdemo/src/main/resources
2025-12-07 18:58:05,307 [Worker-26: Importing Maven projects] INFO  o.e.m.j.i.AbstractJavaProjectConfigurator - Adding source folder /MySpringMVCdemo/src/test/java
2025-12-07 18:58:05,307 [Worker-26: Importing Maven projects] INFO  o.e.m.j.i.AbstractJavaProjectConfigurator - Adding resource folder /MySpringMVCdemo/src/test/resources
2025-12-07 18:58:05,800 [Worker-26: Importing Maven projects] WARN  o.apache.maven.project.MavenProject - Direct modification of compileSourceRoots through clear() is deprecated and will not work in Maven 4.0.0. Please use the add/remove methods instead. If you're using a plugin that causes this warning, please upgrade to the latest version and report an issue if the warning persists. To disable these warnings, set -Dmaven.project.sourceRoots.warningsDisabled=true on the command line, in the .mvn/maven.config file, or in project POM properties.
2025-12-07 18:58:05,801 [Worker-26: Importing Maven projects] WARN  o.apache.maven.project.MavenProject - Direct modification of compileSourceRoots through add() is deprecated and will not work in Maven 4.0.0. Please use the add/remove methods instead. If you're using a plugin that causes this warning, please upgrade to the latest version and report an issue if the warning persists. To disable these warnings, set -Dmaven.project.sourceRoots.warningsDisabled=true on the command line, in the .mvn/maven.config file, or in project POM properties.
2025-12-07 18:58:05,801 [Worker-26: Importing Maven projects] WARN  o.apache.maven.project.MavenProject - Direct modification of testCompileSourceRoots through clear() is deprecated and will not work in Maven 4.0.0. Please use the add/remove methods instead. If you're using a plugin that causes this warning, please upgrade to the latest version and report an issue if the warning persists. To disable these warnings, set -Dmaven.project.sourceRoots.warningsDisabled=true on the command line, in the .mvn/maven.config file, or in project POM properties.
2025-12-07 18:58:05,801 [Worker-26: Importing Maven projects] WARN  o.apache.maven.project.MavenProject - Direct modification of testCompileSourceRoots through add() is deprecated and will not work in Maven 4.0.0. Please use the add/remove methods instead. If you're using a plugin that causes this warning, please upgrade to the latest version and report an issue if the warning persists. To disable these warnings, set -Dmaven.project.sourceRoots.warningsDisabled=true on the command line, in the .mvn/maven.config file, or in project POM properties.
2025-12-07 18:58:05,807 [Worker-26: Importing Maven projects] INFO  o.e.m.c.i.p.ProjectConfigurationManager - Imported and configured 1 project(s) in 6 sec
2025-12-07 18:58:06,013 [Worker-30: Building Project MySpringMVCdemo] WARN  o.a.m.s.f.DefaultMavenResourcesFiltering - Using platform encoding (UTF-8 actually) to copy filtered resources, i.e. build is platform dependent!
2025-12-07 18:58:06,014 [Worker-30: Building Project MySpringMVCdemo] INFO  o.a.m.s.f.DefaultMavenResourcesFiltering - skip non existing resourceDirectory /Users/sairajrajendradeshmukh/Desktop/java-advance/MySpringMVCdemo/src/main/resources
2025-12-07 18:58:06,015 [Worker-30: Building Project MySpringMVCdemo] WARN  o.a.m.s.f.DefaultMavenResourcesFiltering - Using platform encoding (UTF-8 actually) to copy filtered resources, i.e. build is platform dependent!
2025-12-07 18:58:06,015 [Worker-30: Building Project MySpringMVCdemo] INFO  o.a.m.s.f.DefaultMavenResourcesFiltering - skip non existing resourceDirectory /Users/sairajrajendradeshmukh/Desktop/java-advance/MySpringMVCdemo/src/test/resources
2025-12-07 18:58:06,128 [Worker-30: Building Project MySpringMVCdemo] WARN  o.apache.maven.project.MavenProject - Direct modification of compileSourceRoots through clear() is deprecated and will not work in Maven 4.0.0. Please use the add/remove methods instead. If you're using a plugin that causes this warning, please upgrade to the latest version and report an issue if the warning persists. To disable these warnings, set -Dmaven.project.sourceRoots.warningsDisabled=true on the command line, in the .mvn/maven.config file, or in project POM properties.
2025-12-07 18:58:06,128 [Worker-30: Building Project MySpringMVCdemo] WARN  o.apache.maven.project.MavenProject - Direct modification of compileSourceRoots through add() is deprecated and will not work in Maven 4.0.0. Please use the add/remove methods instead. If you're using a plugin that causes this warning, please upgrade to the latest version and report an issue if the warning persists. To disable these warnings, set -Dmaven.project.sourceRoots.warningsDisabled=true on the command line, in the .mvn/maven.config file, or in project POM properties.
2025-12-07 18:58:06,128 [Worker-30: Building Project MySpringMVCdemo] WARN  o.apache.maven.project.MavenProject - Direct modification of testCompileSourceRoots through clear() is deprecated and will not work in Maven 4.0.0. Please use the add/remove methods instead. If you're using a plugin that causes this warning, please upgrade to the latest version and report an issue if the warning persists. To disable these warnings, set -Dmaven.project.sourceRoots.warningsDisabled=true on the command line, in the .mvn/maven.config file, or in project POM properties.
2025-12-07 18:58:06,128 [Worker-30: Building Project MySpringMVCdemo] WARN  o.apache.maven.project.MavenProject - Direct modification of testCompileSourceRoots through add() is deprecated and will not work in Maven 4.0.0. Please use the add/remove methods instead. If you're using a plugin that causes this warning, please upgrade to the latest version and report an issue if the warning persists. To disable these warnings, set -Dmaven.project.sourceRoots.warningsDisabled=true on the command line, in the .mvn/maven.config file, or in project POM properties.
2025-12-07 18:58:06,280 [Worker-29: Download sources and javadoc] INFO  o.e.m.c.i.e.AbstractTransferListenerAdapter - Downloading https://repo.maven.apache.org/maven2/org/springframework/spring-context/5.3.24/spring-context-5.3.24-sources.jar
2025-12-07 18:58:06,320 [Worker-29: Download sources and javadoc] INFO  o.e.m.c.i.e.AbstractTransferListenerAdapter - Downloaded https://repo.maven.apache.org/maven2/org/springframework/spring-context/5.3.24/spring-context-5.3.24-sources.jar
2025-12-07 18:58:06,321 [Worker-29: Download sources and javadoc] INFO  o.e.m.j.internal.DownloadSourcesJob - Downloaded sources for org.springframework:spring-context:5.3.24
2025-12-07 18:58:06,379 [Worker-29: Download sources and javadoc] INFO  o.e.m.c.i.e.AbstractTransferListenerAdapter - Downloading https://repo.maven.apache.org/maven2/org/springframework/spring-aop/5.3.24/spring-aop-5.3.24-sources.jar
2025-12-07 18:58:06,405 [Worker-29: Download sources and javadoc] INFO  o.e.m.c.i.e.AbstractTransferListenerAdapter - Downloaded https://repo.maven.apache.org/maven2/org/springframework/spring-aop/5.3.24/spring-aop-5.3.24-sources.jar
2025-12-07 18:58:06,406 [Worker-29: Download sources and javadoc] INFO  o.e.m.j.internal.DownloadSourcesJob - Downloaded sources for org.springframework:spring-aop:5.3.24
2025-12-07 18:58:06,526 [Worker-29: Download sources and javadoc] INFO  o.e.m.c.i.e.AbstractTransferListenerAdapter - Downloading https://repo.maven.apache.org/maven2/org/springframework/spring-beans/5.3.24/spring-beans-5.3.24-sources.jar
2025-12-07 18:58:06,556 [Worker-29: Download sources and javadoc] INFO  o.e.m.c.i.e.AbstractTransferListenerAdapter - Downloaded https://repo.maven.apache.org/maven2/org/springframework/spring-beans/5.3.24/spring-beans-5.3.24-sources.jar
2025-12-07 18:58:06,558 [Worker-29: Download sources and javadoc] INFO  o.e.m.j.internal.DownloadSourcesJob - Downloaded sources for org.springframework:spring-beans:5.3.24
2025-12-07 18:58:06,860 [Worker-29: Download sources and javadoc] INFO  o.e.m.c.i.e.AbstractTransferListenerAdapter - Downloading https://repo.maven.apache.org/maven2/org/springframework/spring-core/5.3.24/spring-core-5.3.24-sources.jar
2025-12-07 18:58:06,902 [Worker-29: Download sources and javadoc] INFO  o.e.m.c.i.e.AbstractTransferListenerAdapter - Downloaded https://repo.maven.apache.org/maven2/org/springframework/spring-core/5.3.24/spring-core-5.3.24-sources.jar
2025-12-07 18:58:06,903 [Worker-29: Download sources and javadoc] INFO  o.e.m.j.internal.DownloadSourcesJob - Downloaded sources for org.springframework:spring-core:5.3.24
2025-12-07 18:58:06,966 [Worker-29: Download sources and javadoc] INFO  o.e.m.c.i.e.AbstractTransferListenerAdapter - Downloading https://repo.maven.apache.org/maven2/org/springframework/spring-jcl/5.3.24/spring-jcl-5.3.24-sources.jar
2025-12-07 18:58:06,967 [Worker-29: Download sources and javadoc] INFO  o.e.m.c.i.e.AbstractTransferListenerAdapter - Downloaded https://repo.maven.apache.org/maven2/org/springframework/spring-jcl/5.3.24/spring-jcl-5.3.24-sources.jar
2025-12-07 18:58:06,967 [Worker-29: Download sources and javadoc] INFO  o.e.m.j.internal.DownloadSourcesJob - Downloaded sources for org.springframework:spring-jcl:5.3.24
2025-12-07 18:58:07,026 [Worker-29: Download sources and javadoc] INFO  o.e.m.c.i.e.AbstractTransferListenerAdapter - Downloading https://repo.maven.apache.org/maven2/org/springframework/spring-expression/5.3.24/spring-expression-5.3.24-sources.jar
2025-12-07 18:58:07,039 [Worker-29: Download sources and javadoc] INFO  o.e.m.c.i.e.AbstractTransferListenerAdapter - Downloaded https://repo.maven.apache.org/maven2/org/springframework/spring-expression/5.3.24/spring-expression-5.3.24-sources.jar
2025-12-07 18:58:07,040 [Worker-29: Download sources and javadoc] INFO  o.e.m.j.internal.DownloadSourcesJob - Downloaded sources for org.springframework:spring-expression:5.3.24
2025-12-07 18:58:07,089 [Worker-29: Download sources and javadoc] INFO  o.e.m.c.i.e.AbstractTransferListenerAdapter - Downloading https://repo.maven.apache.org/maven2/org/springframework/spring-webmvc/5.3.24/spring-webmvc-5.3.24-sources.jar
2025-12-07 18:58:07,121 [Worker-29: Download sources and javadoc] INFO  o.e.m.c.i.e.AbstractTransferListenerAdapter - Downloaded https://repo.maven.apache.org/maven2/org/springframework/spring-webmvc/5.3.24/spring-webmvc-5.3.24-sources.jar
2025-12-07 18:58:07,122 [Worker-29: Download sources and javadoc] INFO  o.e.m.j.internal.DownloadSourcesJob - Downloaded sources for org.springframework:spring-webmvc:5.3.24
2025-12-07 18:58:07,178 [Worker-29: Download sources and javadoc] INFO  o.e.m.c.i.e.AbstractTransferListenerAdapter - Downloading https://repo.maven.apache.org/maven2/org/springframework/spring-web/5.3.24/spring-web-5.3.24-sources.jar
2025-12-07 18:58:07,215 [Worker-29: Download sources and javadoc] INFO  o.e.m.c.i.e.AbstractTransferListenerAdapter - Downloaded https://repo.maven.apache.org/maven2/org/springframework/spring-web/5.3.24/spring-web-5.3.24-sources.jar
2025-12-07 18:58:07,216 [Worker-29: Download sources and javadoc] INFO  o.e.m.j.internal.DownloadSourcesJob - Downloaded sources for org.springframework:spring-web:5.3.24
2025-12-07 18:58:07,534 [Worker-29: Download sources and javadoc] INFO  o.e.m.c.i.e.AbstractTransferListenerAdapter - Downloading https://repo.maven.apache.org/maven2/org/springframework/spring-jdbc/5.3.24/spring-jdbc-5.3.24-sources.jar
2025-12-07 18:58:07,554 [Worker-29: Download sources and javadoc] INFO  o.e.m.c.i.e.AbstractTransferListenerAdapter - Downloaded https://repo.maven.apache.org/maven2/org/springframework/spring-jdbc/5.3.24/spring-jdbc-5.3.24-sources.jar
2025-12-07 18:58:07,555 [Worker-29: Download sources and javadoc] INFO  o.e.m.j.internal.DownloadSourcesJob - Downloaded sources for org.springframework:spring-jdbc:5.3.24
2025-12-07 18:58:07,612 [Worker-29: Download sources and javadoc] INFO  o.e.m.c.i.e.AbstractTransferListenerAdapter - Downloading https://repo.maven.apache.org/maven2/org/springframework/spring-tx/5.3.24/spring-tx-5.3.24-sources.jar
2025-12-07 18:58:07,632 [Worker-29: Download sources and javadoc] INFO  o.e.m.c.i.e.AbstractTransferListenerAdapter - Downloaded https://repo.maven.apache.org/maven2/org/springframework/spring-tx/5.3.24/spring-tx-5.3.24-sources.jar
2025-12-07 18:58:07,633 [Worker-29: Download sources and javadoc] INFO  o.e.m.j.internal.DownloadSourcesJob - Downloaded sources for org.springframework:spring-tx:5.3.24
2025-12-07 18:58:07,686 [Worker-29: Download sources and javadoc] INFO  o.e.m.c.i.e.AbstractTransferListenerAdapter - Downloading https://repo.maven.apache.org/maven2/javax/servlet/jsp/jstl/javax.servlet.jsp.jstl-api/1.2.1/javax.servlet.jsp.jstl-api-1.2.1-sources.jar
2025-12-07 18:58:07,688 [Worker-29: Download sources and javadoc] INFO  o.e.m.c.i.e.AbstractTransferListenerAdapter - Downloaded https://repo.maven.apache.org/maven2/javax/servlet/jsp/jstl/javax.servlet.jsp.jstl-api/1.2.1/javax.servlet.jsp.jstl-api-1.2.1-sources.jar
2025-12-07 18:58:07,689 [Worker-29: Download sources and javadoc] INFO  o.e.m.j.internal.DownloadSourcesJob - Downloaded sources for javax.servlet.jsp.jstl:javax.servlet.jsp.jstl-api:1.2.1
2025-12-07 18:58:07,740 [Worker-29: Download sources and javadoc] INFO  o.e.m.c.i.e.AbstractTransferListenerAdapter - Downloading https://repo.maven.apache.org/maven2/taglibs/standard/1.1.2/standard-1.1.2-sources.jar
2025-12-07 18:58:07,764 [Worker-29: Download sources and javadoc] INFO  o.e.m.c.i.e.AbstractTransferListenerAdapter - Downloaded https://repo.maven.apache.org/maven2/taglibs/standard/1.1.2/standard-1.1.2-sources.jar
2025-12-07 18:58:07,765 [Worker-29: Download sources and javadoc] INFO  o.e.m.j.internal.DownloadSourcesJob - Downloaded sources for taglibs:standard:1.1.2
2025-12-07 18:58:07,831 [Worker-29: Download sources and javadoc] INFO  o.e.m.c.i.e.AbstractTransferListenerAdapter - Downloading https://repo.maven.apache.org/maven2/javax/servlet/javax.servlet-api/3.1.0/javax.servlet-api-3.1.0-sources.jar
2025-12-07 18:58:07,842 [Worker-29: Download sources and javadoc] INFO  o.e.m.c.i.e.AbstractTransferListenerAdapter - Downloaded https://repo.maven.apache.org/maven2/javax/servlet/javax.servlet-api/3.1.0/javax.servlet-api-3.1.0-sources.jar
2025-12-07 18:58:07,843 [Worker-29: Download sources and javadoc] INFO  o.e.m.j.internal.DownloadSourcesJob - Downloaded sources for javax.servlet:javax.servlet-api:3.1.0
2025-12-07 18:58:07,902 [Worker-29: Download sources and javadoc] INFO  o.e.m.c.i.e.AbstractTransferListenerAdapter - Downloading https://repo.maven.apache.org/maven2/javax/servlet/jsp/javax.servlet.jsp-api/2.3.1/javax.servlet.jsp-api-2.3.1-sources.jar
2025-12-07 18:58:07,913 [Worker-29: Download sources and javadoc] INFO  o.e.m.c.i.e.AbstractTransferListenerAdapter - Downloaded https://repo.maven.apache.org/maven2/javax/servlet/jsp/javax.servlet.jsp-api/2.3.1/javax.servlet.jsp-api-2.3.1-sources.jar
2025-12-07 18:58:07,914 [Worker-29: Download sources and javadoc] INFO  o.e.m.j.internal.DownloadSourcesJob - Downloaded sources for javax.servlet.jsp:javax.servlet.jsp-api:2.3.1
2025-12-07 19:05:21,822 [main] INFO  o.e.m2e.actions.ExecutePomAction - Creating new launch configuration
2025-12-07 19:05:30,886 [Worker-33: Launching MySpringMVCdemo (1)] INFO  o.eclipse.m2e.core.internal.Bundles - getClasspathEntries(Bundle=org.eclipse.m2e.maven.runtime_3.9.1100.20250811-2018 [640])
2025-12-07 19:05:30,894 [Worker-33: Launching MySpringMVCdemo (1)] INFO  o.eclipse.m2e.core.internal.Bundles - 	Entry: /Volumes/Eclipse/Eclipse.app/Contents/Eclipse/plugins/org.eclipse.m2e.maven.runtime_3.9.1100.20250811-2018
2025-12-07 19:05:30,895 [Worker-33: Launching MySpringMVCdemo (1)] INFO  o.eclipse.m2e.core.internal.Bundles - 	Entry: /Volumes/Eclipse/Eclipse.app/Contents/Eclipse/plugins/org.eclipse.m2e.maven.runtime_3.9.1100.20250811-2018/jars/aopalliance-1.0.jar
2025-12-07 19:05:30,895 [Worker-33: Launching MySpringMVCdemo (1)] INFO  o.eclipse.m2e.core.internal.Bundles - 	Entry: /Volumes/Eclipse/Eclipse.app/Contents/Eclipse/plugins/org.eclipse.m2e.maven.runtime_3.9.1100.20250811-2018/jars/asm-9.8.jar
2025-12-07 19:05:30,895 [Worker-33: Launching MySpringMVCdemo (1)] INFO  o.eclipse.m2e.core.internal.Bundles - 	Entry: /Volumes/Eclipse/Eclipse.app/Contents/Eclipse/plugins/org.eclipse.m2e.maven.runtime_3.9.1100.20250811-2018/jars/error_prone_annotations-2.38.0.jar
2025-12-07 19:05:30,895 [Worker-33: Launching MySpringMVCdemo (1)] INFO  o.eclipse.m2e.core.internal.Bundles - 	Entry: /Volumes/Eclipse/Eclipse.app/Contents/Eclipse/plugins/org.eclipse.m2e.maven.runtime_3.9.1100.20250811-2018/jars/gson-2.13.1.jar
2025-12-07 19:05:30,895 [Worker-33: Launching MySpringMVCdemo (1)] INFO  o.eclipse.m2e.core.internal.Bundles - 	Entry: /Volumes/Eclipse/Eclipse.app/Contents/Eclipse/plugins/org.eclipse.m2e.maven.runtime_3.9.1100.20250811-2018/jars/guice-5.1.0-classes.jar
2025-12-07 19:05:30,895 [Worker-33: Launching MySpringMVCdemo (1)] INFO  o.eclipse.m2e.core.internal.Bundles - 	Entry: /Volumes/Eclipse/Eclipse.app/Contents/Eclipse/plugins/org.eclipse.m2e.maven.runtime_3.9.1100.20250811-2018/jars/httpclient-4.5.14.jar
2025-12-07 19:05:30,895 [Worker-33: Launching MySpringMVCdemo (1)] INFO  o.eclipse.m2e.core.internal.Bundles - 	Entry: /Volumes/Eclipse/Eclipse.app/Contents/Eclipse/plugins/org.eclipse.m2e.maven.runtime_3.9.1100.20250811-2018/jars/httpcore-4.4.16.jar
2025-12-07 19:05:30,895 [Worker-33: Launching MySpringMVCdemo (1)] INFO  o.eclipse.m2e.core.internal.Bundles - 	Entry: /Volumes/Eclipse/Eclipse.app/Contents/Eclipse/plugins/org.eclipse.m2e.maven.runtime_3.9.1100.20250811-2018/jars/jansi-2.4.2.jar
2025-12-07 19:05:30,895 [Worker-33: Launching MySpringMVCdemo (1)] INFO  o.eclipse.m2e.core.internal.Bundles - 	Entry: /Volumes/Eclipse/Eclipse.app/Contents/Eclipse/plugins/org.eclipse.m2e.maven.runtime_3.9.1100.20250811-2018/jars/jcl-over-slf4j-1.7.36.jar
2025-12-07 19:05:30,895 [Worker-33: Launching MySpringMVCdemo (1)] INFO  o.eclipse.m2e.core.internal.Bundles - 	Entry: /Volumes/Eclipse/Eclipse.app/Contents/Eclipse/plugins/org.eclipse.m2e.maven.runtime_3.9.1100.20250811-2018/jars/maven-artifact-3.9.11.jar
2025-12-07 19:05:30,895 [Worker-33: Launching MySpringMVCdemo (1)] INFO  o.eclipse.m2e.core.internal.Bundles - 	Entry: /Volumes/Eclipse/Eclipse.app/Contents/Eclipse/plugins/org.eclipse.m2e.maven.runtime_3.9.1100.20250811-2018/jars/maven-builder-support-3.9.11.jar
2025-12-07 19:05:30,895 [Worker-33: Launching MySpringMVCdemo (1)] INFO  o.eclipse.m2e.core.internal.Bundles - 	Entry: /Volumes/Eclipse/Eclipse.app/Contents/Eclipse/plugins/org.eclipse.m2e.maven.runtime_3.9.1100.20250811-2018/jars/maven-compat-3.9.11.jar
2025-12-07 19:05:30,895 [Worker-33: Launching MySpringMVCdemo (1)] INFO  o.eclipse.m2e.core.internal.Bundles - 	Entry: /Volumes/Eclipse/Eclipse.app/Contents/Eclipse/plugins/org.eclipse.m2e.maven.runtime_3.9.1100.20250811-2018/jars/maven-core-3.9.11.jar
2025-12-07 19:05:30,895 [Worker-33: Launching MySpringMVCdemo (1)] INFO  o.eclipse.m2e.core.internal.Bundles - 	Entry: /Volumes/Eclipse/Eclipse.app/Contents/Eclipse/plugins/org.eclipse.m2e.maven.runtime_3.9.1100.20250811-2018/jars/maven-embedder-3.9.11.jar
2025-12-07 19:05:30,895 [Worker-33: Launching MySpringMVCdemo (1)] INFO  o.eclipse.m2e.core.internal.Bundles - 	Entry: /Volumes/Eclipse/Eclipse.app/Contents/Eclipse/plugins/org.eclipse.m2e.maven.runtime_3.9.1100.20250811-2018/jars/maven-model-3.9.11.jar
2025-12-07 19:05:30,895 [Worker-33: Launching MySpringMVCdemo (1)] INFO  o.eclipse.m2e.core.internal.Bundles - 	Entry: /Volumes/Eclipse/Eclipse.app/Contents/Eclipse/plugins/org.eclipse.m2e.maven.runtime_3.9.1100.20250811-2018/jars/maven-model-builder-3.9.11.jar
2025-12-07 19:05:30,895 [Worker-33: Launching MySpringMVCdemo (1)] INFO  o.eclipse.m2e.core.internal.Bundles - 	Entry: /Volumes/Eclipse/Eclipse.app/Contents/Eclipse/plugins/org.eclipse.m2e.maven.runtime_3.9.1100.20250811-2018/jars/maven-plugin-api-3.9.11.jar
2025-12-07 19:05:30,895 [Worker-33: Launching MySpringMVCdemo (1)] INFO  o.eclipse.m2e.core.internal.Bundles - 	Entry: /Volumes/Eclipse/Eclipse.app/Contents/Eclipse/plugins/org.eclipse.m2e.maven.runtime_3.9.1100.20250811-2018/jars/maven-repository-metadata-3.9.11.jar
2025-12-07 19:05:30,895 [Worker-33: Launching MySpringMVCdemo (1)] INFO  o.eclipse.m2e.core.internal.Bundles - 	Entry: /Volumes/Eclipse/Eclipse.app/Contents/Eclipse/plugins/org.eclipse.m2e.maven.runtime_3.9.1100.20250811-2018/jars/maven-resolver-api-1.9.24.jar
2025-12-07 19:05:30,895 [Worker-33: Launching MySpringMVCdemo (1)] INFO  o.eclipse.m2e.core.internal.Bundles - 	Entry: /Volumes/Eclipse/Eclipse.app/Contents/Eclipse/plugins/org.eclipse.m2e.maven.runtime_3.9.1100.20250811-2018/jars/maven-resolver-connector-basic-1.9.24.jar
2025-12-07 19:05:30,895 [Worker-33: Launching MySpringMVCdemo (1)] INFO  o.eclipse.m2e.core.internal.Bundles - 	Entry: /Volumes/Eclipse/Eclipse.app/Contents/Eclipse/plugins/org.eclipse.m2e.maven.runtime_3.9.1100.20250811-2018/jars/maven-resolver-impl-1.9.24.jar
2025-12-07 19:05:30,895 [Worker-33: Launching MySpringMVCdemo (1)] INFO  o.eclipse.m2e.core.internal.Bundles - 	Entry: /Volumes/Eclipse/Eclipse.app/Contents/Eclipse/plugins/org.eclipse.m2e.maven.runtime_3.9.1100.20250811-2018/jars/maven-resolver-named-locks-1.9.24.jar
2025-12-07 19:05:30,895 [Worker-33: Launching MySpringMVCdemo (1)] INFO  o.eclipse.m2e.core.internal.Bundles - 	Entry: /Volumes/Eclipse/Eclipse.app/Contents/Eclipse/plugins/org.eclipse.m2e.maven.runtime_3.9.1100.20250811-2018/jars/maven-resolver-provider-3.9.11.jar
2025-12-07 19:05:30,895 [Worker-33: Launching MySpringMVCdemo (1)] INFO  o.eclipse.m2e.core.internal.Bundles - 	Entry: /Volumes/Eclipse/Eclipse.app/Contents/Eclipse/plugins/org.eclipse.m2e.maven.runtime_3.9.1100.20250811-2018/jars/maven-resolver-spi-1.9.24.jar
2025-12-07 19:05:30,895 [Worker-33: Launching MySpringMVCdemo (1)] INFO  o.eclipse.m2e.core.internal.Bundles - 	Entry: /Volumes/Eclipse/Eclipse.app/Contents/Eclipse/plugins/org.eclipse.m2e.maven.runtime_3.9.1100.20250811-2018/jars/maven-resolver-transport-file-1.9.24.jar
2025-12-07 19:05:30,895 [Worker-33: Launching MySpringMVCdemo (1)] INFO  o.eclipse.m2e.core.internal.Bundles - 	Entry: /Volumes/Eclipse/Eclipse.app/Contents/Eclipse/plugins/org.eclipse.m2e.maven.runtime_3.9.1100.20250811-2018/jars/maven-resolver-transport-http-1.9.24.jar
2025-12-07 19:05:30,895 [Worker-33: Launching MySpringMVCdemo (1)] INFO  o.eclipse.m2e.core.internal.Bundles - 	Entry: /Volumes/Eclipse/Eclipse.app/Contents/Eclipse/plugins/org.eclipse.m2e.maven.runtime_3.9.1100.20250811-2018/jars/maven-resolver-transport-wagon-1.9.24.jar
2025-12-07 19:05:30,895 [Worker-33: Launching MySpringMVCdemo (1)] INFO  o.eclipse.m2e.core.internal.Bundles - 	Entry: /Volumes/Eclipse/Eclipse.app/Contents/Eclipse/plugins/org.eclipse.m2e.maven.runtime_3.9.1100.20250811-2018/jars/maven-resolver-util-1.9.24.jar
2025-12-07 19:05:30,895 [Worker-33: Launching MySpringMVCdemo (1)] INFO  o.eclipse.m2e.core.internal.Bundles - 	Entry: /Volumes/Eclipse/Eclipse.app/Contents/Eclipse/plugins/org.eclipse.m2e.maven.runtime_3.9.1100.20250811-2018/jars/maven-settings-3.9.11.jar
2025-12-07 19:05:30,895 [Worker-33: Launching MySpringMVCdemo (1)] INFO  o.eclipse.m2e.core.internal.Bundles - 	Entry: /Volumes/Eclipse/Eclipse.app/Contents/Eclipse/plugins/org.eclipse.m2e.maven.runtime_3.9.1100.20250811-2018/jars/maven-settings-builder-3.9.11.jar
2025-12-07 19:05:30,895 [Worker-33: Launching MySpringMVCdemo (1)] INFO  o.eclipse.m2e.core.internal.Bundles - 	Entry: /Volumes/Eclipse/Eclipse.app/Contents/Eclipse/plugins/org.eclipse.m2e.maven.runtime_3.9.1100.20250811-2018/jars/maven-shared-utils-3.4.2.jar
2025-12-07 19:05:30,895 [Worker-33: Launching MySpringMVCdemo (1)] INFO  o.eclipse.m2e.core.internal.Bundles - 	Entry: /Volumes/Eclipse/Eclipse.app/Contents/Eclipse/plugins/org.eclipse.m2e.maven.runtime_3.9.1100.20250811-2018/jars/org.eclipse.sisu.inject-0.9.0.M4.jar
2025-12-07 19:05:30,895 [Worker-33: Launching MySpringMVCdemo (1)] INFO  o.eclipse.m2e.core.internal.Bundles - 	Entry: /Volumes/Eclipse/Eclipse.app/Contents/Eclipse/plugins/org.eclipse.m2e.maven.runtime_3.9.1100.20250811-2018/jars/org.eclipse.sisu.plexus-0.9.0.M4.jar
2025-12-07 19:05:30,895 [Worker-33: Launching MySpringMVCdemo (1)] INFO  o.eclipse.m2e.core.internal.Bundles - 	Entry: /Volumes/Eclipse/Eclipse.app/Contents/Eclipse/plugins/org.eclipse.m2e.maven.runtime_3.9.1100.20250811-2018/jars/plexus-build-api-0.0.7.jar
2025-12-07 19:05:30,895 [Worker-33: Launching MySpringMVCdemo (1)] INFO  o.eclipse.m2e.core.internal.Bundles - 	Entry: /Volumes/Eclipse/Eclipse.app/Contents/Eclipse/plugins/org.eclipse.m2e.maven.runtime_3.9.1100.20250811-2018/jars/plexus-build-api-1.2.0.jar
2025-12-07 19:05:30,895 [Worker-33: Launching MySpringMVCdemo (1)] INFO  o.eclipse.m2e.core.internal.Bundles - 	Entry: /Volumes/Eclipse/Eclipse.app/Contents/Eclipse/plugins/org.eclipse.m2e.maven.runtime_3.9.1100.20250811-2018/jars/plexus-cipher-2.0.jar
2025-12-07 19:05:30,895 [Worker-33: Launching MySpringMVCdemo (1)] INFO  o.eclipse.m2e.core.internal.Bundles - 	Entry: /Volumes/Eclipse/Eclipse.app/Contents/Eclipse/plugins/org.eclipse.m2e.maven.runtime_3.9.1100.20250811-2018/jars/plexus-classworlds-2.9.0.jar
2025-12-07 19:05:30,895 [Worker-33: Launching MySpringMVCdemo (1)] INFO  o.eclipse.m2e.core.internal.Bundles - 	Entry: /Volumes/Eclipse/Eclipse.app/Contents/Eclipse/plugins/org.eclipse.m2e.maven.runtime_3.9.1100.20250811-2018/jars/plexus-component-annotations-2.2.0.jar
2025-12-07 19:05:30,895 [Worker-33: Launching MySpringMVCdemo (1)] INFO  o.eclipse.m2e.core.internal.Bundles - 	Entry: /Volumes/Eclipse/Eclipse.app/Contents/Eclipse/plugins/org.eclipse.m2e.maven.runtime_3.9.1100.20250811-2018/jars/plexus-interpolation-1.28.jar
2025-12-07 19:05:30,895 [Worker-33: Launching MySpringMVCdemo (1)] INFO  o.eclipse.m2e.core.internal.Bundles - 	Entry: /Volumes/Eclipse/Eclipse.app/Contents/Eclipse/plugins/org.eclipse.m2e.maven.runtime_3.9.1100.20250811-2018/jars/plexus-sec-dispatcher-2.0.jar
2025-12-07 19:05:30,895 [Worker-33: Launching MySpringMVCdemo (1)] INFO  o.eclipse.m2e.core.internal.Bundles - 	Entry: /Volumes/Eclipse/Eclipse.app/Contents/Eclipse/plugins/org.eclipse.m2e.maven.runtime_3.9.1100.20250811-2018/jars/plexus-utils-3.6.0.jar
2025-12-07 19:05:30,896 [Worker-33: Launching MySpringMVCdemo (1)] INFO  o.eclipse.m2e.core.internal.Bundles - 	Entry: /Volumes/Eclipse/Eclipse.app/Contents/Eclipse/plugins/org.eclipse.m2e.maven.runtime_3.9.1100.20250811-2018/jars/wagon-file-3.5.3.jar
2025-12-07 19:05:30,896 [Worker-33: Launching MySpringMVCdemo (1)] INFO  o.eclipse.m2e.core.internal.Bundles - 	Entry: /Volumes/Eclipse/Eclipse.app/Contents/Eclipse/plugins/org.eclipse.m2e.maven.runtime_3.9.1100.20250811-2018/jars/wagon-http-3.5.3.jar
2025-12-07 19:05:30,896 [Worker-33: Launching MySpringMVCdemo (1)] INFO  o.eclipse.m2e.core.internal.Bundles - 	Entry: /Volumes/Eclipse/Eclipse.app/Contents/Eclipse/plugins/org.eclipse.m2e.maven.runtime_3.9.1100.20250811-2018/jars/wagon-http-shared-3.5.3.jar
2025-12-07 19:05:30,896 [Worker-33: Launching MySpringMVCdemo (1)] INFO  o.eclipse.m2e.core.internal.Bundles - 	Entry: /Volumes/Eclipse/Eclipse.app/Contents/Eclipse/plugins/org.eclipse.m2e.maven.runtime_3.9.1100.20250811-2018/jars/wagon-provider-api-3.5.3.jar
2025-12-07 19:05:30,896 [Worker-33: Launching MySpringMVCdemo (1)] INFO  o.eclipse.m2e.core.internal.Bundles - getClasspathEntries(Bundle=com.google.guava_33.4.8.jre [18])
2025-12-07 19:05:30,896 [Worker-33: Launching MySpringMVCdemo (1)] INFO  o.eclipse.m2e.core.internal.Bundles - 	Entry: /Volumes/Eclipse/Eclipse.app/Contents/Eclipse/plugins/com.google.guava_33.4.8.jre.jar
2025-12-07 19:05:30,896 [Worker-33: Launching MySpringMVCdemo (1)] INFO  o.eclipse.m2e.core.internal.Bundles - getClasspathEntries(Bundle=slf4j.api_2.0.17 [1005])
2025-12-07 19:05:30,896 [Worker-33: Launching MySpringMVCdemo (1)] INFO  o.eclipse.m2e.core.internal.Bundles - 	Entry: /Volumes/Eclipse/Eclipse.app/Contents/Eclipse/plugins/slf4j.api_2.0.17.jar
2025-12-07 19:05:30,896 [Worker-33: Launching MySpringMVCdemo (1)] INFO  o.eclipse.m2e.core.internal.Bundles - getClasspathEntries(Bundle=jakarta.inject.jakarta.inject-api_1.0.5 [35])
2025-12-07 19:05:30,896 [Worker-33: Launching MySpringMVCdemo (1)] INFO  o.eclipse.m2e.core.internal.Bundles - 	Entry: /Volumes/Eclipse/Eclipse.app/Contents/Eclipse/plugins/jakarta.inject.jakarta.inject-api_1.0.5.jar
2025-12-07 19:05:30,896 [Worker-33: Launching MySpringMVCdemo (1)] INFO  o.eclipse.m2e.core.internal.Bundles - getClasspathEntries(Bundle=jakarta.annotation-api_1.3.5 [31])
2025-12-07 19:05:30,896 [Worker-33: Launching MySpringMVCdemo (1)] INFO  o.eclipse.m2e.core.internal.Bundles - 	Entry: /Volumes/Eclipse/Eclipse.app/Contents/Eclipse/plugins/jakarta.annotation-api_1.3.5.jar
2025-12-07 19:05:30,896 [Worker-33: Launching MySpringMVCdemo (1)] INFO  o.eclipse.m2e.core.internal.Bundles - getClasspathEntries(Bundle=org.apache.commons.cli_1.10.0 [75])
2025-12-07 19:05:30,896 [Worker-33: Launching MySpringMVCdemo (1)] INFO  o.eclipse.m2e.core.internal.Bundles - 	Entry: /Volumes/Eclipse/Eclipse.app/Contents/Eclipse/plugins/org.apache.commons.cli_1.10.0.jar
2025-12-07 19:05:30,896 [Worker-33: Launching MySpringMVCdemo (1)] INFO  o.eclipse.m2e.core.internal.Bundles - getClasspathEntries(Bundle=org.apache.commons.commons-codec_1.19.0 [77])
2025-12-07 19:05:30,896 [Worker-33: Launching MySpringMVCdemo (1)] INFO  o.eclipse.m2e.core.internal.Bundles - 	Entry: /Volumes/Eclipse/Eclipse.app/Contents/Eclipse/plugins/org.apache.commons.commons-codec_1.19.0.jar
2025-12-07 19:05:30,896 [Worker-33: Launching MySpringMVCdemo (1)] INFO  o.eclipse.m2e.core.internal.Bundles - getClasspathEntries(Bundle=com.google.guava.failureaccess_1.0.3 [19])
2025-12-07 19:05:30,896 [Worker-33: Launching MySpringMVCdemo (1)] INFO  o.eclipse.m2e.core.internal.Bundles - 	Entry: /Volumes/Eclipse/Eclipse.app/Contents/Eclipse/plugins/com.google.guava.failureaccess_1.0.3.jar
2025-12-07 19:05:30,898 [Worker-33: Launching MySpringMVCdemo (1)] INFO  o.e.m.i.launch.MavenLaunchDelegate - Run build in "/Users/sairajrajendradeshmukh/Desktop/java-advance/MySpringMVCdemo":
2025-12-07 19:05:30,898 [Worker-33: Launching MySpringMVCdemo (1)] INFO  o.e.m.i.launch.MavenLaunchDelegate -  mvn  -B -Dstyle.color=always install
2025-12-07 19:08:23,407 [Worker-34: Updating Maven Project] INFO  o.e.m.c.i.p.ProjectConfigurationManager - Update started
2025-12-07 19:08:23,528 [Worker-34: Updating Maven Project] INFO  o.e.m.c.i.l.LifecycleMappingFactory - Using org.maven.ide.eclipse.wtp.WarLifecycleMapping lifecycle mapping for MavenProject: com.demo:MySpringMVCdemo:0.0.1-SNAPSHOT @ /Users/sairajrajendradeshmukh/Desktop/java-advance/MySpringMVCdemo/pom.xml.
2025-12-07 19:08:23,549 [Worker-34: Updating Maven Project] INFO  o.e.m.c.i.l.LifecycleMappingFactory - Using org.eclipse.m2e.jdt.JarLifecycleMapping lifecycle mapping for MavenProject: com.demo:SpringJdbcTemplateDemo:0.0.1-SNAPSHOT @ /Users/sairajrajendradeshmukh/Desktop/java-advance/Day 13/SpringJdbcTemplateDemo/pom.xml.
2025-12-07 19:08:23,562 [Worker-34: Updating Maven Project] INFO  o.e.m.c.i.l.LifecycleMappingFactory - Using org.eclipse.m2e.jdt.JarLifecycleMapping lifecycle mapping for MavenProject: com.demo:SpringJdbcTemplateDemo:0.0.1-SNAPSHOT @ /Users/sairajrajendradeshmukh/Desktop/java-advance/SpringJDBCTempletDemo/pom.xml.
2025-12-07 19:08:23,765 [Worker-34: Updating Maven Project] INFO  o.e.m.j.i.AbstractJavaProjectConfigurator - Adding source folder /MySpringMVCdemo/src/main/java
2025-12-07 19:08:23,765 [Worker-34: Updating Maven Project] INFO  o.e.m.j.i.AbstractJavaProjectConfigurator - Adding resource folder /MySpringMVCdemo/src/main/resources
2025-12-07 19:08:23,766 [Worker-34: Updating Maven Project] INFO  o.e.m.j.i.AbstractJavaProjectConfigurator - Adding source folder /MySpringMVCdemo/src/test/java
2025-12-07 19:08:23,766 [Worker-34: Updating Maven Project] INFO  o.e.m.j.i.AbstractJavaProjectConfigurator - Adding resource folder /MySpringMVCdemo/src/test/resources
2025-12-07 19:08:23,872 [Worker-34: Updating Maven Project] WARN  o.apache.maven.project.MavenProject - Direct modification of compileSourceRoots through clear() is deprecated and will not work in Maven 4.0.0. Please use the add/remove methods instead. If you're using a plugin that causes this warning, please upgrade to the latest version and report an issue if the warning persists. To disable these warnings, set -Dmaven.project.sourceRoots.warningsDisabled=true on the command line, in the .mvn/maven.config file, or in project POM properties.
2025-12-07 19:08:23,873 [Worker-34: Updating Maven Project] WARN  o.apache.maven.project.MavenProject - Direct modification of compileSourceRoots through add() is deprecated and will not work in Maven 4.0.0. Please use the add/remove methods instead. If you're using a plugin that causes this warning, please upgrade to the latest version and report an issue if the warning persists. To disable these warnings, set -Dmaven.project.sourceRoots.warningsDisabled=true on the command line, in the .mvn/maven.config file, or in project POM properties.
2025-12-07 19:08:23,873 [Worker-34: Updating Maven Project] WARN  o.apache.maven.project.MavenProject - Direct modification of testCompileSourceRoots through clear() is deprecated and will not work in Maven 4.0.0. Please use the add/remove methods instead. If you're using a plugin that causes this warning, please upgrade to the latest version and report an issue if the warning persists. To disable these warnings, set -Dmaven.project.sourceRoots.warningsDisabled=true on the command line, in the .mvn/maven.config file, or in project POM properties.
2025-12-07 19:08:23,873 [Worker-34: Updating Maven Project] WARN  o.apache.maven.project.MavenProject - Direct modification of testCompileSourceRoots through add() is deprecated and will not work in Maven 4.0.0. Please use the add/remove methods instead. If you're using a plugin that causes this warning, please upgrade to the latest version and report an issue if the warning persists. To disable these warnings, set -Dmaven.project.sourceRoots.warningsDisabled=true on the command line, in the .mvn/maven.config file, or in project POM properties.
2025-12-07 19:08:23,922 [Worker-34: Updating Maven Project] INFO  o.e.m.w.i.f.ResourceFilteringBuildParticipant - Cleaning filtered folder for MySpringMVCdemo
2025-12-07 19:08:23,938 [Worker-34: Updating Maven Project] INFO  o.e.m.c.i.p.ProjectConfigurationManager - Update completed for 1 poms: local refresh takes 0.00 sec, refresh facades takes 0.00 sec, update config takes 0.00 sec 
2025-12-07 19:08:23,942 [Worker-36: Updating Maven Project] INFO  o.e.m.c.i.p.ProjectConfigurationManager - Update started
2025-12-07 19:08:23,962 [Worker-36: Updating Maven Project] INFO  o.e.m.c.i.l.LifecycleMappingFactory - Using org.eclipse.m2e.jdt.JarLifecycleMapping lifecycle mapping for MavenProject: com.demo:SpringJdbcTemplateDemo:0.0.1-SNAPSHOT @ /Users/sairajrajendradeshmukh/Desktop/java-advance/SpringJDBCTempletDemo/pom.xml.
2025-12-07 19:08:23,981 [Worker-36: Updating Maven Project] INFO  o.e.m.c.i.l.LifecycleMappingFactory - Using org.eclipse.m2e.jdt.JarLifecycleMapping lifecycle mapping for MavenProject: com.demo:SpringJdbcTemplateDemo:0.0.1-SNAPSHOT @ /Users/sairajrajendradeshmukh/Desktop/java-advance/Day 13/SpringJdbcTemplateDemo/pom.xml.
2025-12-07 19:08:23,997 [Worker-36: Updating Maven Project] INFO  o.e.m.j.i.AbstractJavaProjectConfigurator - Adding source folder /SpringJDBCTempletDemo/src/main/java
2025-12-07 19:08:23,997 [Worker-36: Updating Maven Project] INFO  o.e.m.j.i.AbstractJavaProjectConfigurator - Adding resource folder /SpringJDBCTempletDemo/src/main/resources
2025-12-07 19:08:23,997 [Worker-36: Updating Maven Project] INFO  o.e.m.j.i.AbstractJavaProjectConfigurator - Adding source folder /SpringJDBCTempletDemo/src/test/java
2025-12-07 19:08:23,997 [Worker-36: Updating Maven Project] INFO  o.e.m.j.i.AbstractJavaProjectConfigurator - Adding resource folder /SpringJDBCTempletDemo/src/test/resources
2025-12-07 19:08:24,006 [Worker-36: Updating Maven Project] WARN  o.apache.maven.project.MavenProject - Direct modification of compileSourceRoots through clear() is deprecated and will not work in Maven 4.0.0. Please use the add/remove methods instead. If you're using a plugin that causes this warning, please upgrade to the latest version and report an issue if the warning persists. To disable these warnings, set -Dmaven.project.sourceRoots.warningsDisabled=true on the command line, in the .mvn/maven.config file, or in project POM properties.
2025-12-07 19:08:24,006 [Worker-36: Updating Maven Project] WARN  o.apache.maven.project.MavenProject - Direct modification of compileSourceRoots through add() is deprecated and will not work in Maven 4.0.0. Please use the add/remove methods instead. If you're using a plugin that causes this warning, please upgrade to the latest version and report an issue if the warning persists. To disable these warnings, set -Dmaven.project.sourceRoots.warningsDisabled=true on the command line, in the .mvn/maven.config file, or in project POM properties.
2025-12-07 19:08:24,006 [Worker-36: Updating Maven Project] WARN  o.apache.maven.project.MavenProject - Direct modification of testCompileSourceRoots through clear() is deprecated and will not work in Maven 4.0.0. Please use the add/remove methods instead. If you're using a plugin that causes this warning, please upgrade to the latest version and report an issue if the warning persists. To disable these warnings, set -Dmaven.project.sourceRoots.warningsDisabled=true on the command line, in the .mvn/maven.config file, or in project POM properties.
2025-12-07 19:08:24,006 [Worker-36: Updating Maven Project] WARN  o.apache.maven.project.MavenProject - Direct modification of testCompileSourceRoots through add() is deprecated and will not work in Maven 4.0.0. Please use the add/remove methods instead. If you're using a plugin that causes this warning, please upgrade to the latest version and report an issue if the warning persists. To disable these warnings, set -Dmaven.project.sourceRoots.warningsDisabled=true on the command line, in the .mvn/maven.config file, or in project POM properties.
2025-12-07 19:08:24,012 [Worker-36: Updating Maven Project] INFO  o.e.m.j.i.AbstractJavaProjectConfigurator - Adding source folder /SpringJdbcTemplateDemo/src/main/java
2025-12-07 19:08:24,012 [Worker-36: Updating Maven Project] INFO  o.e.m.j.i.AbstractJavaProjectConfigurator - Adding resource folder /SpringJdbcTemplateDemo/src/main/resources
2025-12-07 19:08:24,012 [Worker-36: Updating Maven Project] INFO  o.e.m.j.i.AbstractJavaProjectConfigurator - Adding source folder /SpringJdbcTemplateDemo/src/test/java
2025-12-07 19:08:24,012 [Worker-36: Updating Maven Project] INFO  o.e.m.j.i.AbstractJavaProjectConfigurator - Adding resource folder /SpringJdbcTemplateDemo/src/test/resources
2025-12-07 19:08:24,017 [Worker-36: Updating Maven Project] WARN  o.apache.maven.project.MavenProject - Direct modification of compileSourceRoots through clear() is deprecated and will not work in Maven 4.0.0. Please use the add/remove methods instead. If you're using a plugin that causes this warning, please upgrade to the latest version and report an issue if the warning persists. To disable these warnings, set -Dmaven.project.sourceRoots.warningsDisabled=true on the command line, in the .mvn/maven.config file, or in project POM properties.
2025-12-07 19:08:24,017 [Worker-36: Updating Maven Project] WARN  o.apache.maven.project.MavenProject - Direct modification of compileSourceRoots through add() is deprecated and will not work in Maven 4.0.0. Please use the add/remove methods instead. If you're using a plugin that causes this warning, please upgrade to the latest version and report an issue if the warning persists. To disable these warnings, set -Dmaven.project.sourceRoots.warningsDisabled=true on the command line, in the .mvn/maven.config file, or in project POM properties.
2025-12-07 19:08:24,017 [Worker-36: Updating Maven Project] WARN  o.apache.maven.project.MavenProject - Direct modification of testCompileSourceRoots through clear() is deprecated and will not work in Maven 4.0.0. Please use the add/remove methods instead. If you're using a plugin that causes this warning, please upgrade to the latest version and report an issue if the warning persists. To disable these warnings, set -Dmaven.project.sourceRoots.warningsDisabled=true on the command line, in the .mvn/maven.config file, or in project POM properties.
2025-12-07 19:08:24,018 [Worker-36: Updating Maven Project] WARN  o.apache.maven.project.MavenProject - Direct modification of testCompileSourceRoots through add() is deprecated and will not work in Maven 4.0.0. Please use the add/remove methods instead. If you're using a plugin that causes this warning, please upgrade to the latest version and report an issue if the warning persists. To disable these warnings, set -Dmaven.project.sourceRoots.warningsDisabled=true on the command line, in the .mvn/maven.config file, or in project POM properties.
2025-12-07 19:08:24,065 [Worker-36: Updating Maven Project] INFO  o.e.m.c.i.p.ProjectConfigurationManager - Update completed for 2 poms: local refresh takes 0.00 sec, refresh facades takes 0.00 sec, update config takes 0.00 sec 
2025-12-07 19:08:24,219 [Worker-36: Building] WARN  o.a.m.s.f.DefaultMavenResourcesFiltering - Using platform encoding (UTF-8 actually) to copy filtered resources, i.e. build is platform dependent!
2025-12-07 19:08:24,219 [Worker-36: Building] INFO  o.a.m.s.f.DefaultMavenResourcesFiltering - skip non existing resourceDirectory /Users/sairajrajendradeshmukh/Desktop/java-advance/MySpringMVCdemo/src/main/resources
2025-12-07 19:08:24,221 [Worker-36: Building] WARN  o.a.m.s.f.DefaultMavenResourcesFiltering - Using platform encoding (UTF-8 actually) to copy filtered resources, i.e. build is platform dependent!
2025-12-07 19:08:24,221 [Worker-36: Building] INFO  o.a.m.s.f.DefaultMavenResourcesFiltering - skip non existing resourceDirectory /Users/sairajrajendradeshmukh/Desktop/java-advance/MySpringMVCdemo/src/test/resources
2025-12-07 19:08:24,221 [Worker-36: Building] INFO  o.e.m.w.i.f.ResourceFilteringBuildParticipant - Changed resources require a complete clean of filtered resources of MySpringMVCdemo
2025-12-07 19:08:24,240 [Worker-36: Building] INFO  o.e.m.w.i.f.ResourceFilteringBuildParticipant - Executing resource filtering for MySpringMVCdemo
2025-12-07 19:08:24,317 [Worker-36: Building] WARN  o.apache.maven.project.MavenProject - Direct modification of compileSourceRoots through clear() is deprecated and will not work in Maven 4.0.0. Please use the add/remove methods instead. If you're using a plugin that causes this warning, please upgrade to the latest version and report an issue if the warning persists. To disable these warnings, set -Dmaven.project.sourceRoots.warningsDisabled=true on the command line, in the .mvn/maven.config file, or in project POM properties.
2025-12-07 19:08:24,318 [Worker-36: Building] WARN  o.apache.maven.project.MavenProject - Direct modification of compileSourceRoots through add() is deprecated and will not work in Maven 4.0.0. Please use the add/remove methods instead. If you're using a plugin that causes this warning, please upgrade to the latest version and report an issue if the warning persists. To disable these warnings, set -Dmaven.project.sourceRoots.warningsDisabled=true on the command line, in the .mvn/maven.config file, or in project POM properties.
2025-12-07 19:08:24,318 [Worker-36: Building] WARN  o.apache.maven.project.MavenProject - Direct modification of testCompileSourceRoots through clear() is deprecated and will not work in Maven 4.0.0. Please use the add/remove methods instead. If you're using a plugin that causes this warning, please upgrade to the latest version and report an issue if the warning persists. To disable these warnings, set -Dmaven.project.sourceRoots.warningsDisabled=true on the command line, in the .mvn/maven.config file, or in project POM properties.
2025-12-07 19:08:24,318 [Worker-36: Building] WARN  o.apache.maven.project.MavenProject - Direct modification of testCompileSourceRoots through add() is deprecated and will not work in Maven 4.0.0. Please use the add/remove methods instead. If you're using a plugin that causes this warning, please upgrade to the latest version and report an issue if the warning persists. To disable these warnings, set -Dmaven.project.sourceRoots.warningsDisabled=true on the command line, in the .mvn/maven.config file, or in project POM properties.
2025-12-07 19:08:24,341 [Worker-36: Building] WARN  o.a.m.s.f.DefaultMavenResourcesFiltering - Using platform encoding (UTF-8 actually) to copy filtered resources, i.e. build is platform dependent!
2025-12-07 19:08:24,342 [Worker-36: Building] INFO  o.a.m.s.f.DefaultMavenResourcesFiltering - Copying 2 resources from src/main/resources to target/classes
2025-12-07 19:08:24,345 [Worker-36: Building] WARN  o.a.m.s.f.DefaultMavenResourcesFiltering - Using platform encoding (UTF-8 actually) to copy filtered resources, i.e. build is platform dependent!
2025-12-07 19:08:24,345 [Worker-36: Building] INFO  o.a.m.s.f.DefaultMavenResourcesFiltering - Copying 0 resource from src/test/resources to target/test-classes
2025-12-07 19:08:24,426 [Worker-36: Building] WARN  o.apache.maven.project.MavenProject - Direct modification of compileSourceRoots through clear() is deprecated and will not work in Maven 4.0.0. Please use the add/remove methods instead. If you're using a plugin that causes this warning, please upgrade to the latest version and report an issue if the warning persists. To disable these warnings, set -Dmaven.project.sourceRoots.warningsDisabled=true on the command line, in the .mvn/maven.config file, or in project POM properties.
2025-12-07 19:08:24,426 [Worker-36: Building] WARN  o.apache.maven.project.MavenProject - Direct modification of compileSourceRoots through add() is deprecated and will not work in Maven 4.0.0. Please use the add/remove methods instead. If you're using a plugin that causes this warning, please upgrade to the latest version and report an issue if the warning persists. To disable these warnings, set -Dmaven.project.sourceRoots.warningsDisabled=true on the command line, in the .mvn/maven.config file, or in project POM properties.
2025-12-07 19:08:24,426 [Worker-36: Building] WARN  o.apache.maven.project.MavenProject - Direct modification of testCompileSourceRoots through clear() is deprecated and will not work in Maven 4.0.0. Please use the add/remove methods instead. If you're using a plugin that causes this warning, please upgrade to the latest version and report an issue if the warning persists. To disable these warnings, set -Dmaven.project.sourceRoots.warningsDisabled=true on the command line, in the .mvn/maven.config file, or in project POM properties.
2025-12-07 19:08:24,426 [Worker-36: Building] WARN  o.apache.maven.project.MavenProject - Direct modification of testCompileSourceRoots through add() is deprecated and will not work in Maven 4.0.0. Please use the add/remove methods instead. If you're using a plugin that causes this warning, please upgrade to the latest version and report an issue if the warning persists. To disable these warnings, set -Dmaven.project.sourceRoots.warningsDisabled=true on the command line, in the .mvn/maven.config file, or in project POM properties.
2025-12-07 19:08:24,474 [Worker-36: Building] WARN  o.a.m.s.f.DefaultMavenResourcesFiltering - Using platform encoding (UTF-8 actually) to copy filtered resources, i.e. build is platform dependent!
2025-12-07 19:08:24,475 [Worker-36: Building] INFO  o.a.m.s.f.DefaultMavenResourcesFiltering - Copying 2 resources from src/main/resources to target/classes
2025-12-07 19:08:24,476 [Worker-36: Building] WARN  o.a.m.s.f.DefaultMavenResourcesFiltering - Using platform encoding (UTF-8 actually) to copy filtered resources, i.e. build is platform dependent!
2025-12-07 19:08:24,477 [Worker-36: Building] INFO  o.a.m.s.f.DefaultMavenResourcesFiltering - skip non existing resourceDirectory /Users/sairajrajendradeshmukh/Desktop/java-advance/Day 13/SpringJdbcTemplateDemo/src/test/resources
2025-12-07 19:08:24,488 [Worker-36: Building] WARN  o.apache.maven.project.MavenProject - Direct modification of compileSourceRoots through clear() is deprecated and will not work in Maven 4.0.0. Please use the add/remove methods instead. If you're using a plugin that causes this warning, please upgrade to the latest version and report an issue if the warning persists. To disable these warnings, set -Dmaven.project.sourceRoots.warningsDisabled=true on the command line, in the .mvn/maven.config file, or in project POM properties.
2025-12-07 19:08:24,488 [Worker-36: Building] WARN  o.apache.maven.project.MavenProject - Direct modification of compileSourceRoots through add() is deprecated and will not work in Maven 4.0.0. Please use the add/remove methods instead. If you're using a plugin that causes this warning, please upgrade to the latest version and report an issue if the warning persists. To disable these warnings, set -Dmaven.project.sourceRoots.warningsDisabled=true on the command line, in the .mvn/maven.config file, or in project POM properties.
2025-12-07 19:08:24,488 [Worker-36: Building] WARN  o.apache.maven.project.MavenProject - Direct modification of testCompileSourceRoots through clear() is deprecated and will not work in Maven 4.0.0. Please use the add/remove methods instead. If you're using a plugin that causes this warning, please upgrade to the latest version and report an issue if the warning persists. To disable these warnings, set -Dmaven.project.sourceRoots.warningsDisabled=true on the command line, in the .mvn/maven.config file, or in project POM properties.
2025-12-07 19:08:24,488 [Worker-36: Building] WARN  o.apache.maven.project.MavenProject - Direct modification of testCompileSourceRoots through add() is deprecated and will not work in Maven 4.0.0. Please use the add/remove methods instead. If you're using a plugin that causes this warning, please upgrade to the latest version and report an issue if the warning persists. To disable these warnings, set -Dmaven.project.sourceRoots.warningsDisabled=true on the command line, in the .mvn/maven.config file, or in project POM properties.
2025-12-07 19:08:40,386 [main] INFO  o.e.m2e.actions.ExecutePomAction - Creating new launch configuration
2025-12-07 19:08:46,514 [Worker-38: Launching MySpringMVCdemo (2)] INFO  o.eclipse.m2e.core.internal.Bundles - getClasspathEntries(Bundle=org.eclipse.m2e.maven.runtime_3.9.1100.20250811-2018 [640])
2025-12-07 19:08:46,514 [Worker-38: Launching MySpringMVCdemo (2)] INFO  o.eclipse.m2e.core.internal.Bundles - 	Entry: /Volumes/Eclipse/Eclipse.app/Contents/Eclipse/plugins/org.eclipse.m2e.maven.runtime_3.9.1100.20250811-2018
2025-12-07 19:08:46,514 [Worker-38: Launching MySpringMVCdemo (2)] INFO  o.eclipse.m2e.core.internal.Bundles - 	Entry: /Volumes/Eclipse/Eclipse.app/Contents/Eclipse/plugins/org.eclipse.m2e.maven.runtime_3.9.1100.20250811-2018/jars/aopalliance-1.0.jar
2025-12-07 19:08:46,514 [Worker-38: Launching MySpringMVCdemo (2)] INFO  o.eclipse.m2e.core.internal.Bundles - 	Entry: /Volumes/Eclipse/Eclipse.app/Contents/Eclipse/plugins/org.eclipse.m2e.maven.runtime_3.9.1100.20250811-2018/jars/asm-9.8.jar
2025-12-07 19:08:46,514 [Worker-38: Launching MySpringMVCdemo (2)] INFO  o.eclipse.m2e.core.internal.Bundles - 	Entry: /Volumes/Eclipse/Eclipse.app/Contents/Eclipse/plugins/org.eclipse.m2e.maven.runtime_3.9.1100.20250811-2018/jars/error_prone_annotations-2.38.0.jar
2025-12-07 19:08:46,514 [Worker-38: Launching MySpringMVCdemo (2)] INFO  o.eclipse.m2e.core.internal.Bundles - 	Entry: /Volumes/Eclipse/Eclipse.app/Contents/Eclipse/plugins/org.eclipse.m2e.maven.runtime_3.9.1100.20250811-2018/jars/gson-2.13.1.jar
2025-12-07 19:08:46,514 [Worker-38: Launching MySpringMVCdemo (2)] INFO  o.eclipse.m2e.core.internal.Bundles - 	Entry: /Volumes/Eclipse/Eclipse.app/Contents/Eclipse/plugins/org.eclipse.m2e.maven.runtime_3.9.1100.20250811-2018/jars/guice-5.1.0-classes.jar
2025-12-07 19:08:46,514 [Worker-38: Launching MySpringMVCdemo (2)] INFO  o.eclipse.m2e.core.internal.Bundles - 	Entry: /Volumes/Eclipse/Eclipse.app/Contents/Eclipse/plugins/org.eclipse.m2e.maven.runtime_3.9.1100.20250811-2018/jars/httpclient-4.5.14.jar
2025-12-07 19:08:46,514 [Worker-38: Launching MySpringMVCdemo (2)] INFO  o.eclipse.m2e.core.internal.Bundles - 	Entry: /Volumes/Eclipse/Eclipse.app/Contents/Eclipse/plugins/org.eclipse.m2e.maven.runtime_3.9.1100.20250811-2018/jars/httpcore-4.4.16.jar
2025-12-07 19:08:46,514 [Worker-38: Launching MySpringMVCdemo (2)] INFO  o.eclipse.m2e.core.internal.Bundles - 	Entry: /Volumes/Eclipse/Eclipse.app/Contents/Eclipse/plugins/org.eclipse.m2e.maven.runtime_3.9.1100.20250811-2018/jars/jansi-2.4.2.jar
2025-12-07 19:08:46,514 [Worker-38: Launching MySpringMVCdemo (2)] INFO  o.eclipse.m2e.core.internal.Bundles - 	Entry: /Volumes/Eclipse/Eclipse.app/Contents/Eclipse/plugins/org.eclipse.m2e.maven.runtime_3.9.1100.20250811-2018/jars/jcl-over-slf4j-1.7.36.jar
2025-12-07 19:08:46,514 [Worker-38: Launching MySpringMVCdemo (2)] INFO  o.eclipse.m2e.core.internal.Bundles - 	Entry: /Volumes/Eclipse/Eclipse.app/Contents/Eclipse/plugins/org.eclipse.m2e.maven.runtime_3.9.1100.20250811-2018/jars/maven-artifact-3.9.11.jar
2025-12-07 19:08:46,514 [Worker-38: Launching MySpringMVCdemo (2)] INFO  o.eclipse.m2e.core.internal.Bundles - 	Entry: /Volumes/Eclipse/Eclipse.app/Contents/Eclipse/plugins/org.eclipse.m2e.maven.runtime_3.9.1100.20250811-2018/jars/maven-builder-support-3.9.11.jar
2025-12-07 19:08:46,514 [Worker-38: Launching MySpringMVCdemo (2)] INFO  o.eclipse.m2e.core.internal.Bundles - 	Entry: /Volumes/Eclipse/Eclipse.app/Contents/Eclipse/plugins/org.eclipse.m2e.maven.runtime_3.9.1100.20250811-2018/jars/maven-compat-3.9.11.jar
2025-12-07 19:08:46,514 [Worker-38: Launching MySpringMVCdemo (2)] INFO  o.eclipse.m2e.core.internal.Bundles - 	Entry: /Volumes/Eclipse/Eclipse.app/Contents/Eclipse/plugins/org.eclipse.m2e.maven.runtime_3.9.1100.20250811-2018/jars/maven-core-3.9.11.jar
2025-12-07 19:08:46,514 [Worker-38: Launching MySpringMVCdemo (2)] INFO  o.eclipse.m2e.core.internal.Bundles - 	Entry: /Volumes/Eclipse/Eclipse.app/Contents/Eclipse/plugins/org.eclipse.m2e.maven.runtime_3.9.1100.20250811-2018/jars/maven-embedder-3.9.11.jar
2025-12-07 19:08:46,514 [Worker-38: Launching MySpringMVCdemo (2)] INFO  o.eclipse.m2e.core.internal.Bundles - 	Entry: /Volumes/Eclipse/Eclipse.app/Contents/Eclipse/plugins/org.eclipse.m2e.maven.runtime_3.9.1100.20250811-2018/jars/maven-model-3.9.11.jar
2025-12-07 19:08:46,514 [Worker-38: Launching MySpringMVCdemo (2)] INFO  o.eclipse.m2e.core.internal.Bundles - 	Entry: /Volumes/Eclipse/Eclipse.app/Contents/Eclipse/plugins/org.eclipse.m2e.maven.runtime_3.9.1100.20250811-2018/jars/maven-model-builder-3.9.11.jar
2025-12-07 19:08:46,514 [Worker-38: Launching MySpringMVCdemo (2)] INFO  o.eclipse.m2e.core.internal.Bundles - 	Entry: /Volumes/Eclipse/Eclipse.app/Contents/Eclipse/plugins/org.eclipse.m2e.maven.runtime_3.9.1100.20250811-2018/jars/maven-plugin-api-3.9.11.jar
2025-12-07 19:08:46,514 [Worker-38: Launching MySpringMVCdemo (2)] INFO  o.eclipse.m2e.core.internal.Bundles - 	Entry: /Volumes/Eclipse/Eclipse.app/Contents/Eclipse/plugins/org.eclipse.m2e.maven.runtime_3.9.1100.20250811-2018/jars/maven-repository-metadata-3.9.11.jar
2025-12-07 19:08:46,514 [Worker-38: Launching MySpringMVCdemo (2)] INFO  o.eclipse.m2e.core.internal.Bundles - 	Entry: /Volumes/Eclipse/Eclipse.app/Contents/Eclipse/plugins/org.eclipse.m2e.maven.runtime_3.9.1100.20250811-2018/jars/maven-resolver-api-1.9.24.jar
2025-12-07 19:08:46,514 [Worker-38: Launching MySpringMVCdemo (2)] INFO  o.eclipse.m2e.core.internal.Bundles - 	Entry: /Volumes/Eclipse/Eclipse.app/Contents/Eclipse/plugins/org.eclipse.m2e.maven.runtime_3.9.1100.20250811-2018/jars/maven-resolver-connector-basic-1.9.24.jar
2025-12-07 19:08:46,514 [Worker-38: Launching MySpringMVCdemo (2)] INFO  o.eclipse.m2e.core.internal.Bundles - 	Entry: /Volumes/Eclipse/Eclipse.app/Contents/Eclipse/plugins/org.eclipse.m2e.maven.runtime_3.9.1100.20250811-2018/jars/maven-resolver-impl-1.9.24.jar
2025-12-07 19:08:46,514 [Worker-38: Launching MySpringMVCdemo (2)] INFO  o.eclipse.m2e.core.internal.Bundles - 	Entry: /Volumes/Eclipse/Eclipse.app/Contents/Eclipse/plugins/org.eclipse.m2e.maven.runtime_3.9.1100.20250811-2018/jars/maven-resolver-named-locks-1.9.24.jar
2025-12-07 19:08:46,514 [Worker-38: Launching MySpringMVCdemo (2)] INFO  o.eclipse.m2e.core.internal.Bundles - 	Entry: /Volumes/Eclipse/Eclipse.app/Contents/Eclipse/plugins/org.eclipse.m2e.maven.runtime_3.9.1100.20250811-2018/jars/maven-resolver-provider-3.9.11.jar
2025-12-07 19:08:46,514 [Worker-38: Launching MySpringMVCdemo (2)] INFO  o.eclipse.m2e.core.internal.Bundles - 	Entry: /Volumes/Eclipse/Eclipse.app/Contents/Eclipse/plugins/org.eclipse.m2e.maven.runtime_3.9.1100.20250811-2018/jars/maven-resolver-spi-1.9.24.jar
2025-12-07 19:08:46,514 [Worker-38: Launching MySpringMVCdemo (2)] INFO  o.eclipse.m2e.core.internal.Bundles - 	Entry: /Volumes/Eclipse/Eclipse.app/Contents/Eclipse/plugins/org.eclipse.m2e.maven.runtime_3.9.1100.20250811-2018/jars/maven-resolver-transport-file-1.9.24.jar
2025-12-07 19:08:46,514 [Worker-38: Launching MySpringMVCdemo (2)] INFO  o.eclipse.m2e.core.internal.Bundles - 	Entry: /Volumes/Eclipse/Eclipse.app/Contents/Eclipse/plugins/org.eclipse.m2e.maven.runtime_3.9.1100.20250811-2018/jars/maven-resolver-transport-http-1.9.24.jar
2025-12-07 19:08:46,514 [Worker-38: Launching MySpringMVCdemo (2)] INFO  o.eclipse.m2e.core.internal.Bundles - 	Entry: /Volumes/Eclipse/Eclipse.app/Contents/Eclipse/plugins/org.eclipse.m2e.maven.runtime_3.9.1100.20250811-2018/jars/maven-resolver-transport-wagon-1.9.24.jar
2025-12-07 19:08:46,515 [Worker-38: Launching MySpringMVCdemo (2)] INFO  o.eclipse.m2e.core.internal.Bundles - 	Entry: /Volumes/Eclipse/Eclipse.app/Contents/Eclipse/plugins/org.eclipse.m2e.maven.runtime_3.9.1100.20250811-2018/jars/maven-resolver-util-1.9.24.jar
2025-12-07 19:08:46,515 [Worker-38: Launching MySpringMVCdemo (2)] INFO  o.eclipse.m2e.core.internal.Bundles - 	Entry: /Volumes/Eclipse/Eclipse.app/Contents/Eclipse/plugins/org.eclipse.m2e.maven.runtime_3.9.1100.20250811-2018/jars/maven-settings-3.9.11.jar
2025-12-07 19:08:46,515 [Worker-38: Launching MySpringMVCdemo (2)] INFO  o.eclipse.m2e.core.internal.Bundles - 	Entry: /Volumes/Eclipse/Eclipse.app/Contents/Eclipse/plugins/org.eclipse.m2e.maven.runtime_3.9.1100.20250811-2018/jars/maven-settings-builder-3.9.11.jar
2025-12-07 19:08:46,515 [Worker-38: Launching MySpringMVCdemo (2)] INFO  o.eclipse.m2e.core.internal.Bundles - 	Entry: /Volumes/Eclipse/Eclipse.app/Contents/Eclipse/plugins/org.eclipse.m2e.maven.runtime_3.9.1100.20250811-2018/jars/maven-shared-utils-3.4.2.jar
2025-12-07 19:08:46,515 [Worker-38: Launching MySpringMVCdemo (2)] INFO  o.eclipse.m2e.core.internal.Bundles - 	Entry: /Volumes/Eclipse/Eclipse.app/Contents/Eclipse/plugins/org.eclipse.m2e.maven.runtime_3.9.1100.20250811-2018/jars/org.eclipse.sisu.inject-0.9.0.M4.jar
2025-12-07 19:08:46,515 [Worker-38: Launching MySpringMVCdemo (2)] INFO  o.eclipse.m2e.core.internal.Bundles - 	Entry: /Volumes/Eclipse/Eclipse.app/Contents/Eclipse/plugins/org.eclipse.m2e.maven.runtime_3.9.1100.20250811-2018/jars/org.eclipse.sisu.plexus-0.9.0.M4.jar
2025-12-07 19:08:46,515 [Worker-38: Launching MySpringMVCdemo (2)] INFO  o.eclipse.m2e.core.internal.Bundles - 	Entry: /Volumes/Eclipse/Eclipse.app/Contents/Eclipse/plugins/org.eclipse.m2e.maven.runtime_3.9.1100.20250811-2018/jars/plexus-build-api-0.0.7.jar
2025-12-07 19:08:46,515 [Worker-38: Launching MySpringMVCdemo (2)] INFO  o.eclipse.m2e.core.internal.Bundles - 	Entry: /Volumes/Eclipse/Eclipse.app/Contents/Eclipse/plugins/org.eclipse.m2e.maven.runtime_3.9.1100.20250811-2018/jars/plexus-build-api-1.2.0.jar
2025-12-07 19:08:46,515 [Worker-38: Launching MySpringMVCdemo (2)] INFO  o.eclipse.m2e.core.internal.Bundles - 	Entry: /Volumes/Eclipse/Eclipse.app/Contents/Eclipse/plugins/org.eclipse.m2e.maven.runtime_3.9.1100.20250811-2018/jars/plexus-cipher-2.0.jar
2025-12-07 19:08:46,515 [Worker-38: Launching MySpringMVCdemo (2)] INFO  o.eclipse.m2e.core.internal.Bundles - 	Entry: /Volumes/Eclipse/Eclipse.app/Contents/Eclipse/plugins/org.eclipse.m2e.maven.runtime_3.9.1100.20250811-2018/jars/plexus-classworlds-2.9.0.jar
2025-12-07 19:08:46,515 [Worker-38: Launching MySpringMVCdemo (2)] INFO  o.eclipse.m2e.core.internal.Bundles - 	Entry: /Volumes/Eclipse/Eclipse.app/Contents/Eclipse/plugins/org.eclipse.m2e.maven.runtime_3.9.1100.20250811-2018/jars/plexus-component-annotations-2.2.0.jar
2025-12-07 19:08:46,515 [Worker-38: Launching MySpringMVCdemo (2)] INFO  o.eclipse.m2e.core.internal.Bundles - 	Entry: /Volumes/Eclipse/Eclipse.app/Contents/Eclipse/plugins/org.eclipse.m2e.maven.runtime_3.9.1100.20250811-2018/jars/plexus-interpolation-1.28.jar
2025-12-07 19:08:46,515 [Worker-38: Launching MySpringMVCdemo (2)] INFO  o.eclipse.m2e.core.internal.Bundles - 	Entry: /Volumes/Eclipse/Eclipse.app/Contents/Eclipse/plugins/org.eclipse.m2e.maven.runtime_3.9.1100.20250811-2018/jars/plexus-sec-dispatcher-2.0.jar
2025-12-07 19:08:46,515 [Worker-38: Launching MySpringMVCdemo (2)] INFO  o.eclipse.m2e.core.internal.Bundles - 	Entry: /Volumes/Eclipse/Eclipse.app/Contents/Eclipse/plugins/org.eclipse.m2e.maven.runtime_3.9.1100.20250811-2018/jars/plexus-utils-3.6.0.jar
2025-12-07 19:08:46,515 [Worker-38: Launching MySpringMVCdemo (2)] INFO  o.eclipse.m2e.core.internal.Bundles - 	Entry: /Volumes/Eclipse/Eclipse.app/Contents/Eclipse/plugins/org.eclipse.m2e.maven.runtime_3.9.1100.20250811-2018/jars/wagon-file-3.5.3.jar
2025-12-07 19:08:46,515 [Worker-38: Launching MySpringMVCdemo (2)] INFO  o.eclipse.m2e.core.internal.Bundles - 	Entry: /Volumes/Eclipse/Eclipse.app/Contents/Eclipse/plugins/org.eclipse.m2e.maven.runtime_3.9.1100.20250811-2018/jars/wagon-http-3.5.3.jar
2025-12-07 19:08:46,515 [Worker-38: Launching MySpringMVCdemo (2)] INFO  o.eclipse.m2e.core.internal.Bundles - 	Entry: /Volumes/Eclipse/Eclipse.app/Contents/Eclipse/plugins/org.eclipse.m2e.maven.runtime_3.9.1100.20250811-2018/jars/wagon-http-shared-3.5.3.jar
2025-12-07 19:08:46,515 [Worker-38: Launching MySpringMVCdemo (2)] INFO  o.eclipse.m2e.core.internal.Bundles - 	Entry: /Volumes/Eclipse/Eclipse.app/Contents/Eclipse/plugins/org.eclipse.m2e.maven.runtime_3.9.1100.20250811-2018/jars/wagon-provider-api-3.5.3.jar
2025-12-07 19:08:46,515 [Worker-38: Launching MySpringMVCdemo (2)] INFO  o.eclipse.m2e.core.internal.Bundles - getClasspathEntries(Bundle=com.google.guava_33.4.8.jre [18])
2025-12-07 19:08:46,515 [Worker-38: Launching MySpringMVCdemo (2)] INFO  o.eclipse.m2e.core.internal.Bundles - 	Entry: /Volumes/Eclipse/Eclipse.app/Contents/Eclipse/plugins/com.google.guava_33.4.8.jre.jar
2025-12-07 19:08:46,515 [Worker-38: Launching MySpringMVCdemo (2)] INFO  o.eclipse.m2e.core.internal.Bundles - getClasspathEntries(Bundle=slf4j.api_2.0.17 [1005])
2025-12-07 19:08:46,515 [Worker-38: Launching MySpringMVCdemo (2)] INFO  o.eclipse.m2e.core.internal.Bundles - 	Entry: /Volumes/Eclipse/Eclipse.app/Contents/Eclipse/plugins/slf4j.api_2.0.17.jar
2025-12-07 19:08:46,515 [Worker-38: Launching MySpringMVCdemo (2)] INFO  o.eclipse.m2e.core.internal.Bundles - getClasspathEntries(Bundle=jakarta.inject.jakarta.inject-api_1.0.5 [35])
2025-12-07 19:08:46,515 [Worker-38: Launching MySpringMVCdemo (2)] INFO  o.eclipse.m2e.core.internal.Bundles - 	Entry: /Volumes/Eclipse/Eclipse.app/Contents/Eclipse/plugins/jakarta.inject.jakarta.inject-api_1.0.5.jar
2025-12-07 19:08:46,515 [Worker-38: Launching MySpringMVCdemo (2)] INFO  o.eclipse.m2e.core.internal.Bundles - getClasspathEntries(Bundle=jakarta.annotation-api_1.3.5 [31])
2025-12-07 19:08:46,515 [Worker-38: Launching MySpringMVCdemo (2)] INFO  o.eclipse.m2e.core.internal.Bundles - 	Entry: /Volumes/Eclipse/Eclipse.app/Contents/Eclipse/plugins/jakarta.annotation-api_1.3.5.jar
2025-12-07 19:08:46,515 [Worker-38: Launching MySpringMVCdemo (2)] INFO  o.eclipse.m2e.core.internal.Bundles - getClasspathEntries(Bundle=org.apache.commons.cli_1.10.0 [75])
2025-12-07 19:08:46,515 [Worker-38: Launching MySpringMVCdemo (2)] INFO  o.eclipse.m2e.core.internal.Bundles - 	Entry: /Volumes/Eclipse/Eclipse.app/Contents/Eclipse/plugins/org.apache.commons.cli_1.10.0.jar
2025-12-07 19:08:46,515 [Worker-38: Launching MySpringMVCdemo (2)] INFO  o.eclipse.m2e.core.internal.Bundles - getClasspathEntries(Bundle=org.apache.commons.commons-codec_1.19.0 [77])
2025-12-07 19:08:46,515 [Worker-38: Launching MySpringMVCdemo (2)] INFO  o.eclipse.m2e.core.internal.Bundles - 	Entry: /Volumes/Eclipse/Eclipse.app/Contents/Eclipse/plugins/org.apache.commons.commons-codec_1.19.0.jar
2025-12-07 19:08:46,515 [Worker-38: Launching MySpringMVCdemo (2)] INFO  o.eclipse.m2e.core.internal.Bundles - getClasspathEntries(Bundle=com.google.guava.failureaccess_1.0.3 [19])
2025-12-07 19:08:46,515 [Worker-38: Launching MySpringMVCdemo (2)] INFO  o.eclipse.m2e.core.internal.Bundles - 	Entry: /Volumes/Eclipse/Eclipse.app/Contents/Eclipse/plugins/com.google.guava.failureaccess_1.0.3.jar
2025-12-07 19:08:46,516 [Worker-38: Launching MySpringMVCdemo (2)] INFO  o.e.m.i.launch.MavenLaunchDelegate - Run build in "/Users/sairajrajendradeshmukh/Desktop/java-advance/MySpringMVCdemo":
2025-12-07 19:08:46,516 [Worker-38: Launching MySpringMVCdemo (2)] INFO  o.e.m.i.launch.MavenLaunchDelegate -  mvn  -B -Dstyle.color=always install
2025-12-07 19:11:20,936 [Worker-38: Building] WARN  o.a.m.s.f.DefaultMavenResourcesFiltering - Using platform encoding (UTF-8 actually) to copy filtered resources, i.e. build is platform dependent!
2025-12-07 19:11:20,937 [Worker-38: Building] INFO  o.a.m.s.f.DefaultMavenResourcesFiltering - skip non existing resourceDirectory /Users/sairajrajendradeshmukh/Desktop/java-advance/MySpringMVCdemo/src/main/resources
2025-12-07 19:11:20,938 [Worker-38: Building] WARN  o.a.m.s.f.DefaultMavenResourcesFiltering - Using platform encoding (UTF-8 actually) to copy filtered resources, i.e. build is platform dependent!
2025-12-07 19:11:20,938 [Worker-38: Building] INFO  o.a.m.s.f.DefaultMavenResourcesFiltering - skip non existing resourceDirectory /Users/sairajrajendradeshmukh/Desktop/java-advance/MySpringMVCdemo/src/test/resources
2025-12-07 19:11:20,956 [Worker-38: Building] WARN  o.apache.maven.project.MavenProject - Direct modification of compileSourceRoots through clear() is deprecated and will not work in Maven 4.0.0. Please use the add/remove methods instead. If you're using a plugin that causes this warning, please upgrade to the latest version and report an issue if the warning persists. To disable these warnings, set -Dmaven.project.sourceRoots.warningsDisabled=true on the command line, in the .mvn/maven.config file, or in project POM properties.
2025-12-07 19:11:20,956 [Worker-38: Building] WARN  o.apache.maven.project.MavenProject - Direct modification of compileSourceRoots through add() is deprecated and will not work in Maven 4.0.0. Please use the add/remove methods instead. If you're using a plugin that causes this warning, please upgrade to the latest version and report an issue if the warning persists. To disable these warnings, set -Dmaven.project.sourceRoots.warningsDisabled=true on the command line, in the .mvn/maven.config file, or in project POM properties.
2025-12-07 19:11:20,956 [Worker-38: Building] WARN  o.apache.maven.project.MavenProject - Direct modification of testCompileSourceRoots through clear() is deprecated and will not work in Maven 4.0.0. Please use the add/remove methods instead. If you're using a plugin that causes this warning, please upgrade to the latest version and report an issue if the warning persists. To disable these warnings, set -Dmaven.project.sourceRoots.warningsDisabled=true on the command line, in the .mvn/maven.config file, or in project POM properties.
2025-12-07 19:11:20,956 [Worker-38: Building] WARN  o.apache.maven.project.MavenProject - Direct modification of testCompileSourceRoots through add() is deprecated and will not work in Maven 4.0.0. Please use the add/remove methods instead. If you're using a plugin that causes this warning, please upgrade to the latest version and report an issue if the warning persists. To disable these warnings, set -Dmaven.project.sourceRoots.warningsDisabled=true on the command line, in the .mvn/maven.config file, or in project POM properties.
2025-12-08 23:10:22,315 [Worker-38: Building] WARN  o.a.m.s.f.DefaultMavenResourcesFiltering - Using platform encoding (UTF-8 actually) to copy filtered resources, i.e. build is platform dependent!
2025-12-08 23:10:22,316 [Worker-38: Building] INFO  o.a.m.s.f.DefaultMavenResourcesFiltering - skip non existing resourceDirectory /Users/sairajrajendradeshmukh/Desktop/java-advance/MySpringMVCdemo/src/main/resources
2025-12-08 23:10:22,317 [Worker-38: Building] WARN  o.a.m.s.f.DefaultMavenResourcesFiltering - Using platform encoding (UTF-8 actually) to copy filtered resources, i.e. build is platform dependent!
2025-12-08 23:10:22,317 [Worker-38: Building] INFO  o.a.m.s.f.DefaultMavenResourcesFiltering - skip non existing resourceDirectory /Users/sairajrajendradeshmukh/Desktop/java-advance/MySpringMVCdemo/src/test/resources
2025-12-08 23:10:22,318 [Worker-38: Building] WARN  o.apache.maven.project.MavenProject - Direct modification of compileSourceRoots through clear() is deprecated and will not work in Maven 4.0.0. Please use the add/remove methods instead. If you're using a plugin that causes this warning, please upgrade to the latest version and report an issue if the warning persists. To disable these warnings, set -Dmaven.project.sourceRoots.warningsDisabled=true on the command line, in the .mvn/maven.config file, or in project POM properties.
2025-12-08 23:10:22,318 [Worker-38: Building] WARN  o.apache.maven.project.MavenProject - Direct modification of compileSourceRoots through add() is deprecated and will not work in Maven 4.0.0. Please use the add/remove methods instead. If you're using a plugin that causes this warning, please upgrade to the latest version and report an issue if the warning persists. To disable these warnings, set -Dmaven.project.sourceRoots.warningsDisabled=true on the command line, in the .mvn/maven.config file, or in project POM properties.
2025-12-08 23:10:22,318 [Worker-38: Building] WARN  o.apache.maven.project.MavenProject - Direct modification of testCompileSourceRoots through clear() is deprecated and will not work in Maven 4.0.0. Please use the add/remove methods instead. If you're using a plugin that causes this warning, please upgrade to the latest version and report an issue if the warning persists. To disable these warnings, set -Dmaven.project.sourceRoots.warningsDisabled=true on the command line, in the .mvn/maven.config file, or in project POM properties.
2025-12-08 23:10:22,318 [Worker-38: Building] WARN  o.apache.maven.project.MavenProject - Direct modification of testCompileSourceRoots through add() is deprecated and will not work in Maven 4.0.0. Please use the add/remove methods instead. If you're using a plugin that causes this warning, please upgrade to the latest version and report an issue if the warning persists. To disable these warnings, set -Dmaven.project.sourceRoots.warningsDisabled=true on the command line, in the .mvn/maven.config file, or in project POM properties.
